food_key,L1_humans,L1_humans_query,L1_nutrition,L1_nutrition_query
acerola,50,acerola[tiab] AND humans[mh],144,"acerola[tiab] AND ""diet, food, and nutrition""[mh]"
adzuki bean,59,"(""adzuki bean""[tiab] OR ""azuki bean""[tiab] OR ""Vigna angularis""[tiab]) AND humans[mh]",153,"(""adzuki bean""[tiab] OR ""azuki bean""[tiab] OR ""Vigna angularis""[tiab]) AND ""diet, food, and nutrition""[mh]"
agar,27437,agar[tiab] AND humans[mh],4975,"agar[tiab] AND ""diet, food, and nutrition""[mh]"
almond,987,almond[tiab] AND humans[mh],1237,"almond[tiab] AND ""diet, food, and nutrition""[mh]"
amaranth,331,amaranth[tiab] AND humans[mh],718,"amaranth[tiab] AND ""diet, food, and nutrition""[mh]"
amazake,8,"(amazake[tiab] OR ""fermented rice drink""[tiab]) AND humans[mh]",11,"(amazake[tiab] OR ""fermented rice drink""[tiab]) AND ""diet, food, and nutrition""[mh]"
apple,6299,apple[tiab] AND humans[mh],7087,"apple[tiab] AND ""diet, food, and nutrition""[mh]"
apricot,341,apricot[tiab] AND humans[mh],557,"apricot[tiab] AND ""diet, food, and nutrition""[mh]"
arame,3,arame[tiab] AND humans[mh],3,"arame[tiab] AND ""diet, food, and nutrition""[mh]"
asari clam,1,"""asari clam""[tiab] AND humans[mh]",1,"""asari clam""[tiab] AND ""diet, food, and nutrition""[mh]"
asparagus,368,asparagus[tiab] AND humans[mh],347,"asparagus[tiab] AND ""diet, food, and nutrition""[mh]"
atsuage,9,"(atsuage[tiab] OR ""deep-fried tofu""[tiab] OR ""fried bean curd""[tiab]) AND humans[mh]",10,"(atsuage[tiab] OR ""deep-fried tofu""[tiab] OR ""fried bean curd""[tiab]) AND ""diet, food, and nutrition""[mh]"
bamboo shoot,41,"""bamboo shoot""[tiab] AND humans[mh]",73,"""bamboo shoot""[tiab] AND ""diet, food, and nutrition""[mh]"
banana,1590,banana[tiab] AND humans[mh],2023,"banana[tiab] AND ""diet, food, and nutrition""[mh]"
barley,1939,barley[tiab] AND humans[mh],7390,"barley[tiab] AND ""diet, food, and nutrition""[mh]"
bean sprouts,66,"""bean sprouts""[tiab] AND humans[mh]",110,"""bean sprouts""[tiab] AND ""diet, food, and nutrition""[mh]"
beef,6083,beef[tiab] AND humans[mh],15463,"beef[tiab] AND ""diet, food, and nutrition""[mh]"
beer,5183,beer[tiab] AND humans[mh],5246,"beer[tiab] AND ""diet, food, and nutrition""[mh]"
beet sugar,25,"""beet sugar""[tiab] AND humans[mh]",45,"""beet sugar""[tiab] AND ""diet, food, and nutrition""[mh]"
bell pepper,84,"""bell pepper""[tiab] AND humans[mh]",192,"""bell pepper""[tiab] AND ""diet, food, and nutrition""[mh]"
bitter melon,176,"""bitter melon""[tiab] AND humans[mh]",159,"""bitter melon""[tiab] AND ""diet, food, and nutrition""[mh]"
black sesame,20,"""black sesame""[tiab] AND humans[mh]",32,"""black sesame""[tiab] AND ""diet, food, and nutrition""[mh]"
black soybean,469,"(""black soybean""[tiab] OR ""black soybeans""[tiab] OR ""Glycine max""[tiab]) AND humans[mh]",1961,"(""black soybean""[tiab] OR ""black soybeans""[tiab] OR ""Glycine max""[tiab]) AND ""diet, food, and nutrition""[mh]"
black soybean tea,0,"""black soybean tea""[tiab] AND humans[mh]",0,"""black soybean tea""[tiab] AND ""diet, food, and nutrition""[mh]"
black tea,1868,"(""black tea""[tiab] OR ""Camellia sinensis""[tiab]) AND humans[mh]",3569,"(""black tea""[tiab] OR ""Camellia sinensis""[tiab]) AND ""diet, food, and nutrition""[mh]"
bok choy,18,"""bok choy""[tiab] AND humans[mh]",33,"""bok choy""[tiab] AND ""diet, food, and nutrition""[mh]"
bonito,86,bonito[tiab] AND humans[mh],96,"bonito[tiab] AND ""diet, food, and nutrition""[mh]"
broccoli,1244,broccoli[tiab] AND humans[mh],1224,"broccoli[tiab] AND ""diet, food, and nutrition""[mh]"
brown rice,455,"(""brown rice""[tiab] OR ""whole grain rice""[tiab]) AND humans[mh]",771,"(""brown rice""[tiab] OR ""whole grain rice""[tiab]) AND ""diet, food, and nutrition""[mh]"
brown sugar,52,"(""brown sugar""[tiab] OR ""unrefined sugar""[tiab]) AND humans[mh]",74,"(""brown sugar""[tiab] OR ""unrefined sugar""[tiab]) AND ""diet, food, and nutrition""[mh]"
buckwheat,533,buckwheat[tiab] AND humans[mh],1074,"buckwheat[tiab] AND ""diet, food, and nutrition""[mh]"
burdock,80,burdock[tiab] AND humans[mh],66,"burdock[tiab] AND ""diet, food, and nutrition""[mh]"
cabbage,1185,cabbage[tiab] AND humans[mh],2193,"cabbage[tiab] AND ""diet, food, and nutrition""[mh]"
carrot,1289,carrot[tiab] AND humans[mh],1753,"carrot[tiab] AND ""diet, food, and nutrition""[mh]"
celery,546,celery[tiab] AND humans[mh],638,"celery[tiab] AND ""diet, food, and nutrition""[mh]"
cheese,5143,cheese[tiab] AND humans[mh],10497,"cheese[tiab] AND ""diet, food, and nutrition""[mh]"
cherry,1918,cherry[tiab] AND humans[mh],1859,"cherry[tiab] AND ""diet, food, and nutrition""[mh]"
chestnut,594,chestnut[tiab] AND humans[mh],744,"chestnut[tiab] AND ""diet, food, and nutrition""[mh]"
chicken,19480,chicken[tiab] AND humans[mh],15656,"chicken[tiab] AND ""diet, food, and nutrition""[mh]"
chickpea,365,chickpea[tiab] AND humans[mh],973,"chickpea[tiab] AND ""diet, food, and nutrition""[mh]"
chili pepper,425,"(""chili pepper""[tiab] OR ""hot pepper""[tiab] OR ""red pepper""[tiab]) AND humans[mh]",578,"(""chili pepper""[tiab] OR ""hot pepper""[tiab] OR ""red pepper""[tiab]) AND ""diet, food, and nutrition""[mh]"
chinese cabbage,164,"(""chinese cabbage""[tiab] OR ""napa cabbage""[tiab]) AND humans[mh]",387,"(""chinese cabbage""[tiab] OR ""napa cabbage""[tiab]) AND ""diet, food, and nutrition""[mh]"
cinnamon,1113,cinnamon[tiab] AND humans[mh],933,"cinnamon[tiab] AND ""diet, food, and nutrition""[mh]"
cocoa,1659,cocoa[tiab] AND humans[mh],2082,"cocoa[tiab] AND ""diet, food, and nutrition""[mh]"
coffee,11831,coffee[tiab] AND humans[mh],11928,"coffee[tiab] AND ""diet, food, and nutrition""[mh]"
corn,5393,corn[tiab] AND humans[mh],19873,"corn[tiab] AND ""diet, food, and nutrition""[mh]"
crab,2430,crab[tiab] AND humans[mh],1132,"crab[tiab] AND ""diet, food, and nutrition""[mh]"
cucumber,973,cucumber[tiab] AND humans[mh],1849,"cucumber[tiab] AND ""diet, food, and nutrition""[mh]"
curry powder,58,"""curry powder""[tiab] AND humans[mh]",43,"""curry powder""[tiab] AND ""diet, food, and nutrition""[mh]"
daikon,42,"(daikon[tiab] OR ""Japanese radish""[tiab] OR ""white radish""[tiab]) AND humans[mh]",82,"(daikon[tiab] OR ""Japanese radish""[tiab] OR ""white radish""[tiab]) AND ""diet, food, and nutrition""[mh]"
dried daikon,0,"""dried daikon""[tiab] AND humans[mh]",0,"""dried daikon""[tiab] AND ""diet, food, and nutrition""[mh]"
dried persimmon,4,"""dried persimmon""[tiab] AND humans[mh]",11,"""dried persimmon""[tiab] AND ""diet, food, and nutrition""[mh]"
duck meat,38,"""duck meat""[tiab] AND humans[mh]",168,"""duck meat""[tiab] AND ""diet, food, and nutrition""[mh]"
edamame,25,"(edamame[tiab] OR ""green soybean""[tiab]) AND humans[mh]",35,"(edamame[tiab] OR ""green soybean""[tiab]) AND ""diet, food, and nutrition""[mh]"
eel,775,eel[tiab] AND humans[mh],352,"eel[tiab] AND ""diet, food, and nutrition""[mh]"
egg,23138,egg[tiab] AND humans[mh],21996,"egg[tiab] AND ""diet, food, and nutrition""[mh]"
eggplant,186,eggplant[tiab] AND humans[mh],559,"eggplant[tiab] AND ""diet, food, and nutrition""[mh]"
flaxseed oil,262,"""flaxseed oil""[tiab] AND humans[mh]",550,"""flaxseed oil""[tiab] AND ""diet, food, and nutrition""[mh]"
freeze-dried tofu,3,"""freeze-dried tofu""[tiab] AND humans[mh]",5,"""freeze-dried tofu""[tiab] AND ""diet, food, and nutrition""[mh]"
garlic,3155,garlic[tiab] AND humans[mh],1807,"garlic[tiab] AND ""diet, food, and nutrition""[mh]"
ginger,2073,ginger[tiab] AND humans[mh],1040,"ginger[tiab] AND ""diet, food, and nutrition""[mh]"
glutinous rice,60,"""glutinous rice""[tiab] AND humans[mh]",142,"""glutinous rice""[tiab] AND ""diet, food, and nutrition""[mh]"
grape,3067,grape[tiab] AND humans[mh],7600,"grape[tiab] AND ""diet, food, and nutrition""[mh]"
grapefruit,1139,grapefruit[tiab] AND humans[mh],1234,"grapefruit[tiab] AND ""diet, food, and nutrition""[mh]"
green onion,73,"(""green onion""[tiab] OR scallion[tiab] OR ""spring onion""[tiab] OR ""Welsh onion""[tiab]) AND humans[mh]",144,"(""green onion""[tiab] OR scallion[tiab] OR ""spring onion""[tiab] OR ""Welsh onion""[tiab]) AND ""diet, food, and nutrition""[mh]"
green tea,5974,"(""green tea""[tiab] OR ""Camellia sinensis""[tiab]) AND humans[mh]",8049,"(""green tea""[tiab] OR ""Camellia sinensis""[tiab]) AND ""diet, food, and nutrition""[mh]"
hamaguri clam,0,"""hamaguri clam""[tiab] AND humans[mh]",0,"""hamaguri clam""[tiab] AND ""diet, food, and nutrition""[mh]"
hijiki,82,"(hijiki[tiab] OR ""Sargassum fusiforme""[tiab]) AND humans[mh]",58,"(hijiki[tiab] OR ""Sargassum fusiforme""[tiab]) AND ""diet, food, and nutrition""[mh]"
hojicha,6,"(hojicha[tiab] OR ""roasted green tea""[tiab]) AND humans[mh]",18,"(hojicha[tiab] OR ""roasted green tea""[tiab]) AND ""diet, food, and nutrition""[mh]"
honey,3931,honey[tiab] AND humans[mh],7258,"honey[tiab] AND ""diet, food, and nutrition""[mh]"
horse mackerel,40,"""horse mackerel""[tiab] AND humans[mh]",74,"""horse mackerel""[tiab] AND ""diet, food, and nutrition""[mh]"
horse meat,78,"""horse meat""[tiab] AND humans[mh]",151,"""horse meat""[tiab] AND ""diet, food, and nutrition""[mh]"
jinenjo,0,jinenjo[tiab] AND humans[mh],0,"jinenjo[tiab] AND ""diet, food, and nutrition""[mh]"
jujube,148,jujube[tiab] AND humans[mh],405,"jujube[tiab] AND ""diet, food, and nutrition""[mh]"
ketchup,84,ketchup[tiab] AND humans[mh],90,"ketchup[tiab] AND ""diet, food, and nutrition""[mh]"
kimchi,292,kimchi[tiab] AND humans[mh],488,"kimchi[tiab] AND ""diet, food, and nutrition""[mh]"
kiwi,431,kiwi[tiab] AND humans[mh],437,"kiwi[tiab] AND ""diet, food, and nutrition""[mh]"
komatsuna,6,"(komatsuna[tiab] OR ""Japanese mustard spinach""[tiab]) AND humans[mh]",25,"(komatsuna[tiab] OR ""Japanese mustard spinach""[tiab]) AND ""diet, food, and nutrition""[mh]"
kombu,200,(kombu[tiab] OR kelp[tiab]) AND humans[mh],280,"(kombu[tiab] OR kelp[tiab]) AND ""diet, food, and nutrition""[mh]"
konjac,261,konjac[tiab] AND humans[mh],417,"konjac[tiab] AND ""diet, food, and nutrition""[mh]"
lamb,2119,lamb[tiab] AND humans[mh],2729,"lamb[tiab] AND ""diet, food, and nutrition""[mh]"
lentil,677,lentil[tiab] AND humans[mh],679,"lentil[tiab] AND ""diet, food, and nutrition""[mh]"
lettuce,1475,lettuce[tiab] AND humans[mh],2444,"lettuce[tiab] AND ""diet, food, and nutrition""[mh]"
lotus root,61,"""lotus root""[tiab] AND humans[mh]",50,"""lotus root""[tiab] AND ""diet, food, and nutrition""[mh]"
mackerel,391,mackerel[tiab] AND humans[mh],580,"mackerel[tiab] AND ""diet, food, and nutrition""[mh]"
mandarin orange,28,"""mandarin orange""[tiab] AND humans[mh]",53,"""mandarin orange""[tiab] AND ""diet, food, and nutrition""[mh]"
mango,712,mango[tiab] AND humans[mh],1296,"mango[tiab] AND ""diet, food, and nutrition""[mh]"
mayonnaise,256,mayonnaise[tiab] AND humans[mh],338,"mayonnaise[tiab] AND ""diet, food, and nutrition""[mh]"
melon,571,melon[tiab] AND humans[mh],1067,"melon[tiab] AND ""diet, food, and nutrition""[mh]"
milk,72038,milk[tiab] AND humans[mh],111419,"milk[tiab] AND ""diet, food, and nutrition""[mh]"
miso,433,"(miso[tiab] OR ""fermented soybean paste""[tiab]) AND humans[mh]",340,"(miso[tiab] OR ""fermented soybean paste""[tiab]) AND ""diet, food, and nutrition""[mh]"
mozuku seaweed,0,"""mozuku seaweed""[tiab] AND humans[mh]",0,"""mozuku seaweed""[tiab] AND ""diet, food, and nutrition""[mh]"
mugicha,21,"(mugicha[tiab] OR ""barley tea""[tiab]) AND humans[mh]",26,"(mugicha[tiab] OR ""barley tea""[tiab]) AND ""diet, food, and nutrition""[mh]"
mung bean,225,"""mung bean""[tiab] AND humans[mh]",475,"""mung bean""[tiab] AND ""diet, food, and nutrition""[mh]"
myoga,6,myoga[tiab] AND humans[mh],1,"myoga[tiab] AND ""diet, food, and nutrition""[mh]"
nagaimo,1,nagaimo[tiab] AND humans[mh],1,"nagaimo[tiab] AND ""diet, food, and nutrition""[mh]"
natto,415,"(natto[tiab] OR ""fermented soybean""[tiab] OR ""fermented soybeans""[tiab]) AND humans[mh]",791,"(natto[tiab] OR ""fermented soybean""[tiab] OR ""fermented soybeans""[tiab]) AND ""diet, food, and nutrition""[mh]"
nira,79,"(nira[tiab] OR ""garlic chive""[tiab] OR ""Chinese chive""[tiab]) AND humans[mh]",39,"(nira[tiab] OR ""garlic chive""[tiab] OR ""Chinese chive""[tiab]) AND ""diet, food, and nutrition""[mh]"
nori,258,(nori[tiab] OR laver[tiab] OR Porphyra[tiab]) AND humans[mh],180,"(nori[tiab] OR laver[tiab] OR Porphyra[tiab]) AND ""diet, food, and nutrition""[mh]"
nukazuke,2,"(nukazuke[tiab] OR ""rice bran pickles""[tiab]) AND humans[mh]",4,"(nukazuke[tiab] OR ""rice bran pickles""[tiab]) AND ""diet, food, and nutrition""[mh]"
oatmeal,339,oatmeal[tiab] AND humans[mh],278,"oatmeal[tiab] AND ""diet, food, and nutrition""[mh]"
octopus,1227,octopus[tiab] AND humans[mh],185,"octopus[tiab] AND ""diet, food, and nutrition""[mh]"
okara,74,okara[tiab] AND humans[mh],191,"okara[tiab] AND ""diet, food, and nutrition""[mh]"
onion,1972,onion[tiab] AND humans[mh],1267,"onion[tiab] AND ""diet, food, and nutrition""[mh]"
oolong tea,201,"""oolong tea""[tiab] AND humans[mh]",492,"""oolong tea""[tiab] AND ""diet, food, and nutrition""[mh]"
orange,12432,orange[tiab] AND humans[mh],5545,"orange[tiab] AND ""diet, food, and nutrition""[mh]"
oyster,1248,oyster[tiab] AND humans[mh],1376,"oyster[tiab] AND ""diet, food, and nutrition""[mh]"
oyster sauce,3,"""oyster sauce""[tiab] AND humans[mh]",7,"""oyster sauce""[tiab] AND ""diet, food, and nutrition""[mh]"
pasta,1561,pasta[tiab] AND humans[mh],1741,"pasta[tiab] AND ""diet, food, and nutrition""[mh]"
peach,1004,peach[tiab] AND humans[mh],1719,"peach[tiab] AND ""diet, food, and nutrition""[mh]"
pear,998,pear[tiab] AND humans[mh],1630,"pear[tiab] AND ""diet, food, and nutrition""[mh]"
pepper,2425,pepper[tiab] AND humans[mh],2676,"pepper[tiab] AND ""diet, food, and nutrition""[mh]"
perilla,252,perilla[tiab] AND humans[mh],400,"perilla[tiab] AND ""diet, food, and nutrition""[mh]"
persimmon,218,persimmon[tiab] AND humans[mh],413,"persimmon[tiab] AND ""diet, food, and nutrition""[mh]"
pine nut,79,"""pine nut""[tiab] AND humans[mh]",149,"""pine nut""[tiab] AND ""diet, food, and nutrition""[mh]"
pineapple,498,pineapple[tiab] AND humans[mh],779,"pineapple[tiab] AND ""diet, food, and nutrition""[mh]"
pork,4442,pork[tiab] AND humans[mh],7849,"pork[tiab] AND ""diet, food, and nutrition""[mh]"
pork liver,97,"""pork liver""[tiab] AND humans[mh]",120,"""pork liver""[tiab] AND ""diet, food, and nutrition""[mh]"
potato,3625,potato[tiab] AND humans[mh],5243,"potato[tiab] AND ""diet, food, and nutrition""[mh]"
prune,1107,prune[tiab] AND humans[mh],125,"prune[tiab] AND ""diet, food, and nutrition""[mh]"
pu-erh tea,79,"""pu-erh tea""[tiab] AND humans[mh]",245,"""pu-erh tea""[tiab] AND ""diet, food, and nutrition""[mh]"
pumpkin,464,pumpkin[tiab] AND humans[mh],862,"pumpkin[tiab] AND ""diet, food, and nutrition""[mh]"
quinoa,324,quinoa[tiab] AND humans[mh],765,"quinoa[tiab] AND ""diet, food, and nutrition""[mh]"
radish sprouts,28,"""radish sprouts""[tiab] AND humans[mh]",42,"""radish sprouts""[tiab] AND ""diet, food, and nutrition""[mh]"
rapeseed flowers,0,"""rapeseed flowers""[tiab] AND humans[mh]",2,"""rapeseed flowers""[tiab] AND ""diet, food, and nutrition""[mh]"
rapeseed oil,385,"""rapeseed oil""[tiab] AND humans[mh]",865,"""rapeseed oil""[tiab] AND ""diet, food, and nutrition""[mh]"
red wine,2236,"""red wine""[tiab] AND humans[mh]",3279,"""red wine""[tiab] AND ""diet, food, and nutrition""[mh]"
rice cake,43,"""rice cake""[tiab] AND humans[mh]",42,"""rice cake""[tiab] AND ""diet, food, and nutrition""[mh]"
rooibos tea,39,"""rooibos tea""[tiab] AND humans[mh]",80,"""rooibos tea""[tiab] AND ""diet, food, and nutrition""[mh]"
runner bean,6,"""runner bean""[tiab] AND humans[mh]",21,"""runner bean""[tiab] AND ""diet, food, and nutrition""[mh]"
sake,2451,sake[tiab] AND humans[mh],656,"sake[tiab] AND ""diet, food, and nutrition""[mh]"
sake lees,6,"""sake lees""[tiab] AND humans[mh]",22,"""sake lees""[tiab] AND ""diet, food, and nutrition""[mh]"
salmon,4089,salmon[tiab] AND humans[mh],2552,"salmon[tiab] AND ""diet, food, and nutrition""[mh]"
salt,51058,salt[tiab] AND humans[mh],20946,"salt[tiab] AND ""diet, food, and nutrition""[mh]"
sansho,10,"(sansho[tiab] OR ""Japanese pepper""[tiab] OR ""sansho pepper""[tiab]) AND humans[mh]",9,"(sansho[tiab] OR ""Japanese pepper""[tiab] OR ""sansho pepper""[tiab]) AND ""diet, food, and nutrition""[mh]"
sardine,171,sardine[tiab] AND humans[mh],338,"sardine[tiab] AND ""diet, food, and nutrition""[mh]"
sesame,1214,sesame[tiab] AND humans[mh],1671,"sesame[tiab] AND ""diet, food, and nutrition""[mh]"
sesame oil,405,"""sesame oil""[tiab] AND humans[mh]",734,"""sesame oil""[tiab] AND ""diet, food, and nutrition""[mh]"
shaoxing wine,1,"""shaoxing wine""[tiab] AND humans[mh]",3,"""shaoxing wine""[tiab] AND ""diet, food, and nutrition""[mh]"
shijimi clam,0,"""shijimi clam""[tiab] AND humans[mh]",1,"""shijimi clam""[tiab] AND ""diet, food, and nutrition""[mh]"
shio koji,0,"""shio koji""[tiab] AND humans[mh]",1,"""shio koji""[tiab] AND ""diet, food, and nutrition""[mh]"
shrimp,2263,shrimp[tiab] AND humans[mh],3151,"shrimp[tiab] AND ""diet, food, and nutrition""[mh]"
soy sauce,320,"""soy sauce""[tiab] AND humans[mh]",712,"""soy sauce""[tiab] AND ""diet, food, and nutrition""[mh]"
soybean,6122,soybean[tiab] AND humans[mh],19553,"soybean[tiab] AND ""diet, food, and nutrition""[mh]"
spinach,1290,spinach[tiab] AND humans[mh],1958,"spinach[tiab] AND ""diet, food, and nutrition""[mh]"
squid,1145,squid[tiab] AND humans[mh],506,"squid[tiab] AND ""diet, food, and nutrition""[mh]"
strawberry,1305,strawberry[tiab] AND humans[mh],2507,"strawberry[tiab] AND ""diet, food, and nutrition""[mh]"
sweet potato,505,"(""sweet potato""[tiab] OR ""Ipomoea batatas""[tiab]) AND humans[mh]",833,"(""sweet potato""[tiab] OR ""Ipomoea batatas""[tiab]) AND ""diet, food, and nutrition""[mh]"
taro,140,taro[tiab] AND humans[mh],144,"taro[tiab] AND ""diet, food, and nutrition""[mh]"
tempeh,79,tempeh[tiab] AND humans[mh],130,"tempeh[tiab] AND ""diet, food, and nutrition""[mh]"
tofu,483,"(tofu[tiab] OR ""bean curd""[tiab]) AND humans[mh]",683,"(tofu[tiab] OR ""bean curd""[tiab]) AND ""diet, food, and nutrition""[mh]"
tomato,2931,tomato[tiab] AND humans[mh],7828,"tomato[tiab] AND ""diet, food, and nutrition""[mh]"
tsukemono,14,"(tsukemono[tiab] OR ""Japanese pickles""[tiab]) AND humans[mh]",16,"(tsukemono[tiab] OR ""Japanese pickles""[tiab]) AND ""diet, food, and nutrition""[mh]"
tuna,954,tuna[tiab] AND humans[mh],1093,"tuna[tiab] AND ""diet, food, and nutrition""[mh]"
turnip,149,turnip[tiab] AND humans[mh],304,"turnip[tiab] AND ""diet, food, and nutrition""[mh]"
udon,56,udon[tiab] AND humans[mh],17,"udon[tiab] AND ""diet, food, and nutrition""[mh]"
umeboshi,51,"(umeboshi[tiab] OR ""pickled plum""[tiab] OR ""Japanese apricot""[tiab]) AND humans[mh]",53,"(umeboshi[tiab] OR ""pickled plum""[tiab] OR ""Japanese apricot""[tiab]) AND ""diet, food, and nutrition""[mh]"
vinegar,831,vinegar[tiab] AND humans[mh],838,"vinegar[tiab] AND ""diet, food, and nutrition""[mh]"
wakame,432,"(wakame[tiab] OR ""Undaria pinnatifida""[tiab] OR ""brown seaweed""[tiab]) AND humans[mh]",285,"(wakame[tiab] OR ""Undaria pinnatifida""[tiab] OR ""brown seaweed""[tiab]) AND ""diet, food, and nutrition""[mh]"
walnut,907,walnut[tiab] AND humans[mh],1145,"walnut[tiab] AND ""diet, food, and nutrition""[mh]"
watermelon,579,watermelon[tiab] AND humans[mh],709,"watermelon[tiab] AND ""diet, food, and nutrition""[mh]"
wheat,12197,wheat[tiab] AND humans[mh],23577,"wheat[tiab] AND ""diet, food, and nutrition""[mh]"
white bread,717,"""white bread""[tiab] AND humans[mh]",791,"""white bread""[tiab] AND ""diet, food, and nutrition""[mh]"
white fish,79,"""white fish""[tiab] AND humans[mh]",100,"""white fish""[tiab] AND ""diet, food, and nutrition""[mh]"
white rice,622,"(""white rice""[tiab] OR ""polished rice""[tiab]) AND humans[mh]",736,"(""white rice""[tiab] OR ""polished rice""[tiab]) AND ""diet, food, and nutrition""[mh]"
white sesame,17,"""white sesame""[tiab] AND humans[mh]",33,"""white sesame""[tiab] AND ""diet, food, and nutrition""[mh]"
white sugar,16816,"(""white sugar""[tiab] OR sucrose[tiab] OR ""refined sugar""[tiab]) AND humans[mh]",16600,"(""white sugar""[tiab] OR sucrose[tiab] OR ""refined sugar""[tiab]) AND ""diet, food, and nutrition""[mh]"
white wine,442,"""white wine""[tiab] AND humans[mh]",911,"""white wine""[tiab] AND ""diet, food, and nutrition""[mh]"
whole grain bread,159,"""whole grain bread""[tiab] AND humans[mh]",163,"""whole grain bread""[tiab] AND ""diet, food, and nutrition""[mh]"
winter melon,8,"""winter melon""[tiab] AND humans[mh]",8,"""winter melon""[tiab] AND ""diet, food, and nutrition""[mh]"
yam,457,yam[tiab] AND humans[mh],338,"yam[tiab] AND ""diet, food, and nutrition""[mh]"
yellowtail,29,yellowtail[tiab] AND humans[mh],78,"yellowtail[tiab] AND ""diet, food, and nutrition""[mh]"
young bamboo,1,"""young bamboo""[tiab] AND humans[mh]",9,"""young bamboo""[tiab] AND ""diet, food, and nutrition""[mh]"
yuba,12,yuba[tiab] AND humans[mh],16,"yuba[tiab] AND ""diet, food, and nutrition""[mh]"
zucchini,93,zucchini[tiab] AND humans[mh],269,"zucchini[tiab] AND ""diet, food, and nutrition""[mh]"
