source_id,candidate,final_label,reason,food_ja,food_en,direction,quote,rationale,batch
attaka_navi,1. 生姜たっぷりの味噌汁,include,,生姜たっぷりの味噌汁,miso soup with ginger,warm,毎朝の習慣として最も取り入れやすい温活メニューです。,A1: §9.5 が明文で「『体が温まる！おすすめ温活レシピ』predicates it of the recipes as a group」と書いとる。見出しによる群述語は protocol 自身が認めとる。⚠️ claims.csv には料理が,
attaka_navi,2. キムチ鍋,include,,キムチ鍋,kimchi hot pot,warm,温活食材が勢ぞろいする最強の鍋です。,A1: §9.5 が明文で「『体が温まる！おすすめ温活レシピ』predicates it of the recipes as a group」と書いとる。見出しによる群述語は protocol 自身が認めとる。⚠️ claims.csv には料理が,
attaka_navi,3. 鮭と根菜の粕汁,include,,鮭と根菜の粕汁,kasujiru with salmon and root vegetables,warm,北陸や東北で昔から冬の定番とされてきた温活メニューです。,A1: §9.5 が明文で「『体が温まる！おすすめ温活レシピ』predicates it of the recipes as a group」と書いとる。見出しによる群述語は protocol 自身が認めとる。⚠️ claims.csv には料理が,
attaka_navi,4. にんにくたっぷりのアヒージョ,include,,にんにくたっぷりのアヒージョ,garlic ajillo,warm,エビ（温性）やきのこ（平性）を加えた温活アヒージョは、パーティーメニューとしてもおしゃれです。,A1: §9.5 が明文で「『体が温まる！おすすめ温活レシピ』predicates it of the recipes as a group」と書いとる。見出しによる群述語は protocol 自身が認めとる。⚠️ claims.csv には料理が,
attaka_navi,5. 生姜炊き込みご飯,include,,生姜炊き込みご飯,ginger takikomi rice,warm,生姜を加熱することでショウガオールが生まれ、体の芯から温まります。,A1: §9.5 が明文で「『体が温まる！おすすめ温活レシピ』predicates it of the recipes as a group」と書いとる。見出しによる群述語は protocol 自身が認めとる。⚠️ claims.csv には料理が,
attaka_navi,すりおろし生姜,include,,すりおろし生姜,ginger,warm,朝食の味噌汁に、すりおろし生姜をひとかけ加えるだけ。味噌（発酵食品）＋生姜（温性）のダブル効果で、朝から体がぽかぽかに。,A2: 凍結 claims.csv が4形すべての癒着食品を、癒着したままの quote で拾っとる（yomeishu 6/6・kracie 5/5・hiesyo_com 5/5・onkatsu_note の `└小豆` は quote が「└小豆,
attaka_navi,キムチベース,include,,キムチベース,kimchi-based hot pot,warm,味噌ベース、キムチベース、酒粕ベースの鍋は、発酵食品の温め効果がプラスされます。,A2: 凍結 claims.csv が4形すべての癒着食品を、癒着したままの quote で拾っとる（yomeishu 6/6・kracie 5/5・hiesyo_com 5/5・onkatsu_note の `└小豆` は quote が「└小豆,
attaka_navi,ドライフルーツ,include,,ドライフルーツ,dried fruit,warm,ドライフルーツにすると温め寄りに変化します,A6: claims.csv は prezo の ほうじ茶 のみを持ち 番茶 を持たん（quote は「ほうじ茶（番茶）」）＝括弧内は言い換え。程度変化（ドライフルーツ「弱くなる」）は claims に無く、明示的な側の変更（干し柿「変わります」）,
attaka_navi,味噌ベース,include,,味噌ベース,miso-based hot pot,warm,味噌ベース、キムチベース、酒粕ベースの鍋は、発酵食品の温め効果がプラスされます。,A2: 凍結 claims.csv が4形すべての癒着食品を、癒着したままの quote で拾っとる（yomeishu 6/6・kracie 5/5・hiesyo_com 5/5・onkatsu_note の `└小豆` は quote が「└小豆,
attaka_navi,大根おろし,exclude,no-direction,,,,,A11: §9.5 が明文で vehicle を `no-direction` と書いとる（「朝の味噌汁です。温活食材である根菜類やねぎを入れて」→ 帰属は 根菜類/ねぎ）。claims.csv も 大根/納豆 は持つが 大根おろし/納豆ご飯 は持た,
attaka_navi,大根が「涼性」って意外すぎます,include,,大根,daikon radish,cool,大根が「涼性」って意外すぎます！冬の食材なのに…,A2: 凍結 claims.csv が4形すべての癒着食品を、癒着したままの quote で拾っとる（yomeishu 6/6・kracie 5/5・hiesyo_com 5/5・onkatsu_note の `└小豆` は quote が「└小豆,
attaka_navi,大豆→ 平性（温めも冷やしもしない）,include,,大豆,soybean,neutral,"大豆
→ 平性（温めも冷やしもしない）",A2: 凍結 claims.csv が4形すべての癒着食品を、癒着したままの quote で拾っとる（yomeishu 6/6・kracie 5/5・hiesyo_com 5/5・onkatsu_note の `└小豆` は quote が「└小豆,
attaka_navi,大豆製品,include,,大豆製品,soy products,warm,鶏肉、魚、卵、大豆製品などを積極的に摂ることで、「食べるだけで温まる体」を目指せます。,A4: claims.csv が onkatsu_note の にんにく／ほうじ茶／黒豆茶 を 「血行をサポートする食材」「冷え対策に向いている飲み物」の quote で warm に coding しとる。D60 の文法テストは目的名詞一般に及ぶ,
attaka_navi,根菜,include,,根菜,root vegetables,warm,具材にはにんじんやかぶなどの温性の根菜を入れると、さらに効果的です。,A3: claims.csv の food_ja に `・` を含む行は 649中0、`（）` を含む行は6。→ `・` 複合は構成要素に割る（c2）／`（）` 複合は1行のまま（c1）,
attaka_navi,根菜類,include,,根菜類,root vegetables,warm,2. 地中で育つもの（根菜類の一部）,A1: §9.5 が明文で「『体が温まる！おすすめ温活レシピ』predicates it of the recipes as a group」と書いとる。見出しによる群述語は protocol 自身が認めとる。⚠️ claims.csv には料理が,
attaka_navi,水炊き,exclude,no-direction,,,,,A11: §9.5 が明文で vehicle を `no-direction` と書いとる（「朝の味噌汁です。温活食材である根菜類やねぎを入れて」→ 帰属は 根菜類/ねぎ）。claims.csv も 大根/納豆 は持つが 大根おろし/納豆ご飯 は持た,
attaka_navi,温性の根菜,include,,根菜,root vegetables,warm,酒粕（発酵食品）＋鮭（温性の魚）＋にんじん・かぶ（温性の根菜）を使った粕汁は、北陸や東北で昔から冬の定番とされてきた温活メニューです。,A3: claims.csv の food_ja に `・` を含む行は 649中0、`（）` を含む行は6。→ `・` 複合は構成要素に割る（c2）／`（）` 複合は1行のまま（c1）,
attaka_navi,温性の魚,include,,魚,fish,warm,酒粕（発酵食品）＋鮭（温性の魚）＋にんじん・かぶ（温性の根菜）を使った粕汁は、北陸や東北で昔から冬の定番とされてきた温活メニューです。,A3: claims.csv の food_ja に `・` を含む行は 649中0、`（）` を含む行は6。→ `・` 複合は構成要素に割る（c2）／`（）` 複合は1行のまま（c1）,
attaka_navi,生野菜サラダ,exclude,no-direction,,,,,A11: §9.5 が明文で vehicle を `no-direction` と書いとる（「朝の味噌汁です。温活食材である根菜類やねぎを入れて」→ 帰属は 根菜類/ねぎ）。claims.csv も 大根/納豆 は持つが 大根おろし/納豆ご飯 は持た,
attaka_navi,発酵食品は,include,,発酵食品,fermented foods,warm,発酵食品は、発酵過程で生まれる酵素が代謝を高め、体を温める作用があります。面白いのは、発酵によって食材の性質が変わること。,A2: 凍結 claims.csv が4形すべての癒着食品を、癒着したままの quote で拾っとる（yomeishu 6/6・kracie 5/5・hiesyo_com 5/5・onkatsu_note の `└小豆` は quote が「└小豆,
attaka_navi,納豆ご飯,exclude,no-direction,,,,,A11: §9.5 が明文で vehicle を `no-direction` と書いとる（「朝の味噌汁です。温活食材である根菜類やねぎを入れて」→ 帰属は 根菜類/ねぎ）。claims.csv も 大根/納豆 は持つが 大根おろし/納豆ご飯 は持た,
attaka_navi,羊肉,include,,羊肉,lamb,warm,特に羊肉（ラム）は体を温める効果が非常に高い肉類です。,A3: claims.csv の food_ja に `・` を含む行は 649中0、`（）` を含む行は6。→ `・` 複合は構成要素に割る（c2）／`（）` 複合は1行のまま（c1）,
attaka_navi,羊肉（ラム）,include,,羊肉（ラム）,lamb,warm,特に羊肉（ラム）は体を温める効果が非常に高い肉類です。寒い地域のモンゴルや北海道でジンギスカンが食べられてきたのも、羊肉の温め効果を経験的に知っていたからかもしれません。,A3: claims.csv の food_ja に `・` を含む行は 649中0、`（）` を含む行は6。→ `・` 複合は構成要素に割る（c2）／`（）` 複合は1行のまま（c1）,
attaka_navi,酒粕ベース,include,,酒粕ベース,sake lees-based hot pot,warm,味噌ベース、キムチベース、酒粕ベースの鍋は、発酵食品の温め効果がプラスされます。,A2: 凍結 claims.csv が4形すべての癒着食品を、癒着したままの quote で拾っとる（yomeishu 6/6・kracie 5/5・hiesyo_com 5/5・onkatsu_note の `└小豆` は quote が「└小豆,
attaka_navi,魚,include,,魚,fish,warm,鶏肉、魚、卵、大豆製品などを積極的に摂ることで、「食べるだけで温まる体」を目指せます。,A3: claims.csv の food_ja に `・` を含む行は 649中0、`（）` を含む行は6。→ `・` 複合は構成要素に割る（c2）／`（）` 複合は1行のまま（c1）,
basefood,「ベースフード」,exclude,not-food,,,,,D70: 商品ブランド名は not-food。rule 4 の正当化文「a generic term identifies no food to pair with the source」からの導出で、D30 の食品ユニバースに対応物が無い。凍結 claims.csv は企業サイト4本 151行にブランド行を1件も持たん,
basefood,ベースフード,exclude,not-food,,,,,D70: 商品ブランド名は not-food。rule 4 の正当化文「a generic term identifies no food to pair with the source」からの導出で、D30 の食品ユニバースに対応物が無い。凍結 claims.csv は企業サイト4本 151行にブランド行を1件も持たん,
basefood,ベースラーメン,exclude,not-food,,,,,D70: 商品ブランド名は not-food。rule 4 の正当化文「a generic term identifies no food to pair with the source」からの導出で、D30 の食品ユニバースに対応物が無い。凍結 claims.csv は企業サイト4本 151行にブランド行を1件も持たん,
basefood,焼きバナナ,include,,焼きバナナ,grilled banana,warm,温活を意識する場合は、焼きバナナのように加熱して取り入れる方法もおすすめです。,A4: claims.csv が onkatsu_note の にんにく／ほうじ茶／黒豆茶 を 「血行をサポートする食材」「冷え対策に向いている飲み物」の quote で warm に coding しとる。D60 の文法テストは目的名詞一般に及ぶ,
basefood,生姜湯,exclude,serving-temperature,,,,,A8: §9.4 rule 6 の根拠が §8 の kracie 白湯/生姜湯 裁定そのもので、§9.5 の vehicle 例も「朝の味噌汁」。claims.csv は oitr 味噌汁/生姜湯/スープ 0・kracie 白湯/生姜湯 0・bas,
basefood,肉,include,,肉,meat,warm,さらに、主食だけで済ませず、肉・魚・卵・大豆製品などのたんぱく質源を組みあわせることも大切です。,A4: claims.csv が onkatsu_note の にんにく／ほうじ茶／黒豆茶 を 「血行をサポートする食材」「冷え対策に向いている飲み物」の quote で warm に coding しとる。D60 の文法テストは目的名詞一般に及ぶ,
basefood,血流を整え内側から温める根菜類,include,,根菜類,root vegetables,warm,地中で育つ根菜類は、一般的に、冬の寒い時期に旬を迎えるものや色が濃いものは、体を温める性質が強いとされています。,A2: 凍結 claims.csv が4形すべての癒着食品を、癒着したままの quote で拾っとる（yomeishu 6/6・kracie 5/5・hiesyo_com 5/5・onkatsu_note の `└小豆` は quote が「└小豆,
basefood,魚,include,,魚,fish,warm,さらに、主食だけで済ませず、肉・魚・卵・大豆製品などのたんぱく質源を組みあわせることも大切です。,A4: claims.csv が onkatsu_note の にんにく／ほうじ茶／黒豆茶 を 「血行をサポートする食材」「冷え対策に向いている飲み物」の quote で warm に coding しとる。D60 の文法テストは目的名詞一般に及ぶ,
esse,赤身,include,,赤身,red meat and fish,warm,タンパク質：赤身（肉·魚）、エビ、タコ、貝類、小魚、納豆,A3: claims.csv の food_ja に `・` を含む行は 649中0、`（）` を含む行は6。→ `・` 複合は構成要素に割る（c2）／`（）` 複合は1行のまま（c1）,
esse,赤身（肉·魚）,include,,赤身（肉·魚）,lean red meat and fish,warm,赤身（肉·魚）,A3: claims.csv の food_ja に `・` を含む行は 649中0、`（）` を含む行は6。→ `・` 複合は構成要素に割る（c2）／`（）` 複合は1行のまま（c1）,
hiesyo_com,きるナス,include,,ナス,eggplant,cool,夏にできるナスやトマトも陰性食品です,entry-(b) / A2 癒着スパン: claims.csv が持つ帰属を両コーダーが一致で落とした（c1=fragment / c2=fragment）,
hiesyo_com,だからアジの開きや塩サケはしっかり体を温めます,include,,アジの開き,horse mackerel,warm,アジの開きや塩サケはしっかり体を温めます,entry-(b) / A2 癒着スパン: claims.csv が持つ帰属を両コーダーが一致で落とした（c1=fragment / c2=fragment）,
hiesyo_com,まぶしたポテトチップス,include,,ポテトチップス,potato,warm,油で揚げて塩をまぶしたポテトチップスは陽性です,entry-(b) / A2 癒着スパン: claims.csv が持つ帰属を両コーダーが一致で落とした（c1=fragment / c2=fragment）,
hiesyo_com,りんご,include,,りんご,apple,warm,体を冷やさない果物はりんごや柿,entry-(b) / A5 系（方向の読み・スパンは健全）: claims.csv が持つ帰属を両コーダーが一致で落とした（c1=no-direction / c2=no-direction）,
hiesyo_com,向かって伸びていくごぼう,include,,ごぼう,burdock,warm,地面に向かって伸びていくごぼうやにんじんは陽性食品,entry-(b) / A2 癒着スパン: claims.csv が持つ帰属を両コーダーが一致で落とした（c1=fragment / c2=fragment）,
hiesyo_com,地面に向かって伸びていくごぼうやにんじんは,include,,にんじん,carrot,warm,地面に向かって伸びていくごぼうやにんじんは陽性食品,entry-(b) / A2 癒着スパン: claims.csv が持つ帰属を両コーダーが一致で落とした（c1=fragment / c2=fragment）,
hiesyo_com,多いスイカ,include,,スイカ,watermelon,cool,水分が多いスイカやなしなどの果物も陰性食品です,entry-(b) / A2 癒着スパン: claims.csv が持つ帰属を両コーダーが一致で落とした（c1=fragment / c2=fragment）,
hiesyo_com,春に延びゆくたけのこや山菜,include,,たけのこ,bamboo shoot,cool,春に延びゆくたけのこや山菜、水分が多いスイカやなしなどの果物も陰性食品です,entry-(b) / A2 癒着スパン: claims.csv が持つ帰属を両コーダーが一致で落とした（c1=fragment / c2=fragment）,
hiesyo_com,柿,include,,柿,persimmon,warm,体を冷やさない果物はりんごや柿,entry-(b) / A5 系（方向の読み・スパンは健全）: claims.csv が持つ帰属を両コーダーが一致で落とした（c1=no-direction / c2=no-direction）,
hiesyo_com,白いお砂糖,include,,白いお砂糖,white sugar,cool,"そして世のなかで一番体を冷やすのは食品そのものではありません。
それは、食品添加物や化学調味料、そして白いお砂糖。",A3: claims.csv の food_ja に `・` を含む行は 649中0、`（）` を含む行は6。→ `・` 複合は構成要素に割る（c2）／`（）` 複合は1行のまま（c1）,
hiesyo_com,白砂糖,include,,白砂糖,white sugar,cool,"そして世のなかで一番体を冷やすのは食品そのものではありません。
それは、食品添加物や化学調味料、そして白いお砂糖。白砂糖は食品ではなく薬だと思っています。",A3: claims.csv の food_ja に `・` を含む行は 649中0、`（）` を含む行は6。→ `・` 複合は構成要素に割る（c2）／`（）` 複合は1行のまま（c1）,
hiesyo_com,穫れるバナナ,include,,バナナ,banana,cool,南の国で穫れるバナナやパイナップルは陰性食品,entry-(b) / A2 癒着スパン: claims.csv が持つ帰属を両コーダーが一致で落とした（c1=fragment / c2=fragment）,
hiesyo_com,食品添加物,include,,食品添加物,food additives,cool,"そして世のなかで一番体を冷やすのは食品そのものではありません。
それは、食品添加物や化学調味料、そして白いお砂糖。白砂糖は食品ではなく薬だと思っています。",A7: claims.csv の food_ja で 体を温め/体を冷や/陰性/陽性/温活 を含む行は 649中0。一方 葉物野菜・ナッツ類・香辛料・海藻・生野菜・食品添加物 など実在クラスは17行ある。→ 方向語つきの総称ラベルは食品にせん／実在,
hiesyo_com,高い鶏肉,include,,鶏肉,chicken,warm,陽性の強い肉の中でもよく動き体温の高い鶏肉は極陽です,entry-(b) / A2 癒着スパン: claims.csv が持つ帰属を両コーダーが一致で落とした（c1=fragment / c2=fragment）,
jsfca,● 陰性食材,exclude,fragment,,,,,A7: claims.csv の food_ja で 体を温め/体を冷や/陰性/陽性/温活 を含む行は 649中0。一方 葉物野菜・ナッツ類・香辛料・海藻・生野菜・食品添加物 など実在クラスは17行ある。→ 方向語つきの総称ラベルは食品にせん／実在,
jsfca,● 陽性食材,exclude,fragment,,,,,A7: claims.csv の food_ja で 体を温め/体を冷や/陰性/陽性/温活 を含む行は 649中0。一方 葉物野菜・ナッツ類・香辛料・海藻・生野菜・食品添加物 など実在クラスは17行ある。→ 方向語つきの総称ラベルは食品にせん／実在,
jsfca,このスープは,include,,根菜のスープ,root vegetable soup,warm,このスープは、陰性の根菜を使いつつ温かい料理で体を温め、陰陽のバランスが取れた一品になります。,A2: 凍結 claims.csv が4形すべての癒着食品を、癒着したままの quote で拾っとる（yomeishu 6/6・kracie 5/5・hiesyo_com 5/5・onkatsu_note の `└小豆` は quote が「└小豆,
jsfca,さつまいもやかぼちゃやナッツ類を取り入れ,include,,さつまいも,sweet potato,warm,さつまいもやかぼちゃやナッツ類を取り入れ、体を温める食材を意識的に選ぶと良いでしょう,entry-(b) / A2 癒着スパン: claims.csv が持つ帰属を両コーダーが一致で落とした（c1=fragment / c2=fragment）,
jsfca,しょうがなどの根菜を用意しましょう,include,,しょうが,ginger,warm,しょうがやにんにく、唐辛子は、料理に加えることで体を温める効果があり,entry-(b) / A2 癒着スパン: claims.csv が持つ帰属を両コーダーが一致で落とした（c1=fragment / c2=fragment）,
jsfca,しょうがやにんにく,include,,にんにく,garlic,warm,しょうがやにんにく、唐辛子は、料理に加えることで体を温める効果があり,entry-(b) / A2 癒着スパン: claims.csv が持つ帰属を両コーダーが一致で落とした（c1=fragment / c2=fragment）,
jsfca,わかめ,include,,わかめ,wakame seaweed,cool,海藻も陰性食材の一つで、わかめやもずくは、味噌汁やサラダに加えることで栄養を摂取できます。,A12: claims.csv が jsfca の わかめ/もずく を cool で coding しとる（quote =「海藻も陰性食材の一つで、わかめやもずくは」）＝上位クラスの方向を継承する,
jsfca,わかめやもずくは,include,,もずく,mozuku seaweed,cool,わかめやもずくは、味噌汁やサラダに加えることで栄養を摂取できます,entry-(b) / A2 癒着スパン: claims.csv が持つ帰属を両コーダーが一致で落とした（c1=fragment / c2=fragment）,
jsfca,アスパラガスや菜の花,include,,菜の花,rapeseed flowers,cool,陰性の食材として、アスパラガスや菜の花、若竹が適しており,entry-(b) / A2 癒着スパン: claims.csv が持つ帰属を両コーダーが一致で落とした（c1=fragment / c2=fragment）,
jsfca,サラダ,exclude,no-direction,,,,,両者 uncertain。ソースは L229「冷たい陰性のサラダ」と L249「サイドに陽性のサラダ」で矛盾するが、方向はどちらも**修飾された形**に付いとって、裸の サラダ には付いてへん（実測: 陰性/陽性 を含むサラダ候補は7本すべて修飾つき・裸の `サラダ` は無修飾）。§3「Do not infer a direction the source does not state」より裸のトークンは方向なし。凍結 claims.csv も jsfca に サラダ を持たん。oitr/果物 と同じ構造・同じ扱い,
jsfca,動物性食品,include,,動物性食品,animal foods,warm,加工された食品や動物性食品は陽性,A7: claims.csv の food_ja で 体を温め/体を冷や/陰性/陽性/温活 を含む行は 649中0。一方 葉物野菜・ナッツ類・香辛料・海藻・生野菜・食品添加物 など実在クラスは17行ある。→ 方向語つきの総称ラベルは食品にせん／実在,
jsfca,柔らかくて軽い豆腐,include,,豆腐,tofu,cool,柔らかくて軽い豆腐や葉物野菜は陰性に分類されます,entry-(b) / A2 癒着スパン: claims.csv が持つ帰属を両コーダーが一致で落とした（c1=fragment / c2=fragment）,
jsfca,自然食品,include,,自然食品,natural foods,cool,未加工の自然食品、穀物や野菜は陰性とされます,A7: claims.csv の food_ja で 体を温め/体を冷や/陰性/陽性/温活 を含む行は 649中0。一方 葉物野菜・ナッツ類・香辛料・海藻・生野菜・食品添加物 など実在クラスは17行ある。→ 方向語つきの総称ラベルは食品にせん／実在,
jsfca,軽い煮物,include,,軽い煮物,lightly simmered dish,cool,例えば、夏野菜や冷たい果物、軽い煮物などを選ぶと良いでしょう。,A2: 凍結 claims.csv が4形すべての癒着食品を、癒着したままの quote で拾っとる（yomeishu 6/6・kracie 5/5・hiesyo_com 5/5・onkatsu_note の `└小豆` は quote が「└小豆,
jsfca,陰性食材,exclude,not-food,,,,,A7: claims.csv の food_ja で 体を温め/体を冷や/陰性/陽性/温活 を含む行は 649中0。一方 葉物野菜・ナッツ類・香辛料・海藻・生野菜・食品添加物 など実在クラスは17行ある。→ 方向語つきの総称ラベルは食品にせん／実在,
karada_onkatsu,2. しょうが｜温活食材の王様,include,,しょうが,ginger,warm,2. しょうが｜温活食材の王様,A1: §9.5 が明文で「『体が温まる！おすすめ温活レシピ』predicates it of the recipes as a group」と書いとる。見出しによる群述語は protocol 自身が認めとる。⚠️ claims.csv には料理が,
karada_onkatsu,4. 発酵食品,include,,発酵食品,fermented foods,warm,4. 発酵食品｜腸から体を温める,A1: §9.5 が明文で「『体が温まる！おすすめ温活レシピ』predicates it of the recipes as a group」と書いとる。見出しによる群述語は protocol 自身が認めとる。⚠️ claims.csv には料理が,
karada_onkatsu,4. 発酵食品｜腸から体を温める,include,,発酵食品,fermented foods,warm,発酵食品｜腸から体を温める,A1: §9.5 が明文で「『体が温まる！おすすめ温活レシピ』predicates it of the recipes as a group」と書いとる。見出しによる群述語は protocol 自身が認めとる。⚠️ claims.csv には料理が,
karada_onkatsu,いも類は温活の基本食材,include,,いも類,tubers/potatoes,warm,根菜・いも類は温活の基本食材。,A2: 凍結 claims.csv が4形すべての癒着食品を、癒着したままの quote で拾っとる（yomeishu 6/6・kracie 5/5・hiesyo_com 5/5・onkatsu_note の `└小豆` は quote が「└小豆,
karada_onkatsu,しょうがの温め効果,include,,しょうが,ginger,warm,しょうがの温め効果,A2: 凍結 claims.csv が4形すべての癒着食品を、癒着したままの quote で拾っとる（yomeishu 6/6・kracie 5/5・hiesyo_com 5/5・onkatsu_note の `└小豆` は quote が「└小豆,
karada_onkatsu,スパイス,include,,スパイス,spices,warm,5. その他の温め食材,A3: claims.csv の food_ja に `・` を含む行は 649中0、`（）` を含む行は6。→ `・` 複合は構成要素に割る（c2）／`（）` 複合は1行のまま（c1）,
karada_onkatsu,スパイス・薬味・その他,include,,スパイス・薬味・その他,spices and seasonings,warm,料理にプラスするだけで温め効果アップ,A3: claims.csv の food_ja に `・` を含む行は 649中0、`（）` を含む行は6。→ `・` 複合は構成要素に割る（c2）／`（）` 複合は1行のまま（c1）,
karada_onkatsu,ヨーグルト,include,,ヨーグルト,yogurt,neutral,ヨーグルトは中性〜温め寄りに変化します。,方向の範囲表現。ソースの述べる語は「中性〜温め寄り」で、head は 中性。`warm` を採ると修飾語 温め寄り を方向に昇格させることになり、§3「Do not infer a direction the source does not state」に触れる。同ソースが 発酵前の乳製品 を cool にしとるのとも整合（発酵で cool→neutral）。c2 の判断。凍結 claims.csv は沈黙なので Route D の純増,
karada_onkatsu,七味を加えるだけで温め効果がアップします,include,,七味,shichimi pepper,warm,七味を加えるだけで温め効果がアップします,A2: 凍結 claims.csv が4形すべての癒着食品を、癒着したままの quote で拾っとる（yomeishu 6/6・kracie 5/5・hiesyo_com 5/5・onkatsu_note の `└小豆` は quote が「└小豆,
karada_onkatsu,乾燥しょうが（ショウガオール）,include,,乾燥しょうが,ginger (heated/dried),warm,"🔥 加熱・乾燥しょうが（ショウガオール）
加熱・乾燥するとジンゲロールがショウガオールに変化。体の芯から持続的に温める効果が高まる。",A3: claims.csv の food_ja に `・` を含む行は 649中0、`（）` を含む行は6。→ `・` 複合は構成要素に割る（c2）／`（）` 複合は1行のまま（c1）,
karada_onkatsu,体を温める根菜・いも類,include,,根菜・いも類,root vegetables and tubers,warm,体を温める根菜・いも類,A3: claims.csv の food_ja に `・` を含む行は 649中0、`（）` を含む行は6。→ `・` 複合は構成要素に割る（c2）／`（）` 複合は1行のまま（c1）,
karada_onkatsu,南国の果物は体を冷やしやすいとされています,include,,南国の果物,tropical fruits,cool,南国の果物は体を冷やしやすいとされています,A2: 凍結 claims.csv が4形すべての癒着食品を、癒着したままの quote で拾っとる（yomeishu 6/6・kracie 5/5・hiesyo_com 5/5・onkatsu_note の `└小豆` は quote が「└小豆,
karada_onkatsu,地下鱗茎類,include,,地下鱗茎類,underground bulb vegetables,warm,硫化アリルが血行を促進し体を温める作用があるとされています。,A7: claims.csv の food_ja で 体を温め/体を冷や/陰性/陽性/温活 を含む行は 649中0。一方 葉物野菜・ナッツ類・香辛料・海藻・生野菜・食品添加物 など実在クラスは17行ある。→ 方向語つきの総称ラベルは食品にせん／実在,
karada_onkatsu,夏が旬の野菜は体を冷やす性質,include,,夏野菜,summer vegetables,cool,夏が旬の野菜は体を冷やす性質。,A2: 凍結 claims.csv が4形すべての癒着食品を、癒着したままの quote で拾っとる（yomeishu 6/6・kracie 5/5・hiesyo_com 5/5・onkatsu_note の `└小豆` は quote が「└小豆,
karada_onkatsu,夏野菜は冷やしやすいので注意,include,,夏野菜,summer vegetables,cool,夏野菜は冷やしやすいので注意,A2: 凍結 claims.csv が4形すべての癒着食品を、癒着したままの quote で拾っとる（yomeishu 6/6・kracie 5/5・hiesyo_com 5/5・onkatsu_note の `└小豆` は quote が「└小豆,
karada_onkatsu,大根,include,,大根,daikon radish,cool,大根は根菜ですが水分が多く冷やしやすい性質を持ちます,A3: claims.csv の food_ja に `・` を含む行は 649中0、`（）` を含む行は6。→ `・` 複合は構成要素に割る（c2）／`（）` 複合は1行のまま（c1）,
karada_onkatsu,大根は根菜ですが水分が多く冷やしやすい性質を持ちます,include,,大根,daikon radish,cool,大根は根菜ですが水分が多く冷やしやすい性質を持ちます,A3: claims.csv の food_ja に `・` を含む行は 649中0、`（）` を含む行は6。→ `・` 複合は構成要素に割る（c2）／`（）` 複合は1行のまま（c1）,
karada_onkatsu,温活食材の中で最も代表的なのがしょうがです,include,,しょうが,ginger,warm,温活食材の中で最も代表的なのがしょうがです,A2: 凍結 claims.csv が4形すべての癒着食品を、癒着したままの quote で拾っとる（yomeishu 6/6・kracie 5/5・hiesyo_com 5/5・onkatsu_note の `└小豆` は quote が「└小豆,
karada_onkatsu,生姜パウダー（乾燥しょうが）,include,,生姜パウダー（乾燥しょうが）,ginger powder (dried ginger),warm,加熱・乾燥でショウガオールが増加。味噌汁・紅茶・白湯に入れるだけで手軽に温活◎,A1: §9.5 が明文で「『体が温まる！おすすめ温活レシピ』predicates it of the recipes as a group」と書いとる。見出しによる群述語は protocol 自身が認めとる。⚠️ claims.csv には料理が,
karada_onkatsu,発酵前の乳製品,include,,発酵前の乳製品,unfermented dairy products,cool,発酵前の乳製品・豆腐は冷やしやすい性質。,A2: 凍結 claims.csv が4形すべての癒着食品を、癒着したままの quote で拾っとる（yomeishu 6/6・kracie 5/5・hiesyo_com 5/5・onkatsu_note の `└小豆` は quote が「└小豆,
karada_onkatsu,発酵食品,include,,発酵食品,fermented foods,warm,体を温める発酵食品,A1: §9.5 が明文で「『体が温まる！おすすめ温活レシピ』predicates it of the recipes as a group」と書いとる。見出しによる群述語は protocol 自身が認めとる。⚠️ claims.csv には料理が,
karada_onkatsu,白砂糖（体を冷やす）の代わりに使える天然甘味料,include,,白砂糖,white sugar,cool,白砂糖（体を冷やす）の代わりに使える天然甘味料,A2: 凍結 claims.csv が4形すべての癒着食品を、癒着したままの quote で拾っとる（yomeishu 6/6・kracie 5/5・hiesyo_com 5/5・onkatsu_note の `└小豆` は quote が「└小豆,
karada_onkatsu,紅茶（体を温める）が特におすすめです,include,,紅茶,black tea,warm,紅茶（体を温める）が特におすすめです,A2: 凍結 claims.csv が4形すべての癒着食品を、癒着したままの quote で拾っとる（yomeishu 6/6・kracie 5/5・hiesyo_com 5/5・onkatsu_note の `└小豆` は quote が「└小豆,
karada_onkatsu,納豆は温める,include,,納豆,natto,warm,豆腐は冷やすが、納豆は温める。,A2: 凍結 claims.csv が4形すべての癒着食品を、癒着したままの quote で拾っとる（yomeishu 6/6・kracie 5/5・hiesyo_com 5/5・onkatsu_note の `└小豆` は quote が「└小豆,
karada_onkatsu,薬味,include,,薬味,aromatic condiments,warm,スパイス・薬味・その他,A3: claims.csv の food_ja に `・` を含む行は 649中0、`（）` を含む行は6。→ `・` 複合は構成要素に割る（c2）／`（）` 複合は1行のまま（c1）,
karada_onkatsu,豆腐,include,,豆腐,tofu,cool,発酵前の乳製品・豆腐は冷やしやすい性質。,A3: claims.csv の food_ja に `・` を含む行は 649中0、`（）` を含む行は6。→ `・` 複合は構成要素に割る（c2）／`（）` 複合は1行のまま（c1）,
karada_onkatsu,豆腐は冷やすが,include,,豆腐,tofu,cool,豆腐は冷やすが、納豆は温める。,A2: 凍結 claims.csv が4形すべての癒着食品を、癒着したままの quote で拾っとる（yomeishu 6/6・kracie 5/5・hiesyo_com 5/5・onkatsu_note の `└小豆` は quote が「└小豆,
karada_onkatsu,黒砂糖,include,,黒砂糖,brown sugar,warm,白砂糖（体を冷やす）の代わりに使える天然甘味料,entry-(b) / A5 系（方向の読み・スパンは健全）: claims.csv が持つ帰属を両コーダーが一致で落とした（c1=no-direction / c2=no-direction）,
karada_onkatsu,🌱 生しょうが,include,,生しょうが,raw ginger,warm,体の表面をすぐに温める一時的な効果,A1: §9.5 が明文で「『体が温まる！おすすめ温活レシピ』predicates it of the recipes as a group」と書いとる。見出しによる群述語は protocol 自身が認めとる。⚠️ claims.csv には料理が,
karada_onkatsu,🌱 生しょうが（ジンゲロール）,include,,生しょうが,ginger (raw),warm,"🌱 生しょうが（ジンゲロール）
体の表面をすぐに温める一時的な効果",A1: §9.5 が明文で「『体が温まる！おすすめ温活レシピ』predicates it of the recipes as a group」と書いとる。見出しによる群述語は protocol 自身が認めとる。⚠️ claims.csv には料理が,
karada_onkatsu,🔥 加熱・乾燥しょうが,include,,加熱・乾燥しょうが,dried ginger,warm,体の芯から持続的に温める効果が高まる,A1: §9.5 が明文で「『体が温まる！おすすめ温活レシピ』predicates it of the recipes as a group」と書いとる。見出しによる群述語は protocol 自身が認めとる。⚠️ claims.csv には料理が,
karada_onkatsu,🥕 根菜,include,,根菜,root vegetables,warm,根菜・いも類は温活の基本食材。,A1: §9.5 が明文で「『体が温まる！おすすめ温活レシピ』predicates it of the recipes as a group」と書いとる。見出しによる群述語は protocol 自身が認めとる。⚠️ claims.csv には料理が,
karada_onkatsu,🫚 乾燥しょうがパウダー,include,,乾燥しょうがパウダー,ginger powder (dried),warm,加熱・乾燥でショウガオールが増加。味噌汁・紅茶・白湯に入れるだけで手軽に温活◎,A1: §9.5 が明文で「『体が温まる！おすすめ温活レシピ』predicates it of the recipes as a group」と書いとる。見出しによる群述語は protocol 自身が認めとる。⚠️ claims.csv には料理が,
kawashimaya,冬野菜,include,,冬野菜,winter vegetables,warm,厳しい環境で育った冬野菜は、体を温める代表的な食材です。,A3: claims.csv の food_ja に `・` を含む行は 649中0、`（）` を含む行は6。→ `・` 複合は構成要素に割る（c2）／`（）` 複合は1行のまま（c1）,
kawashimaya,南国フルーツ,include,,南国フルーツ,tropical fruit,cool,夏野菜や南国フルーツ、冷たい食べ物は、温活中は絶対ダメでしょうか？,A7: claims.csv の food_ja で 体を温め/体を冷や/陰性/陽性/温活 を含む行は 649中0。一方 葉物野菜・ナッツ類・香辛料・海藻・生野菜・食品添加物 など実在クラスは17行ある。→ 方向語つきの総称ラベルは食品にせん／実在,
kawashimaya,根菜類,include,,根菜類,root vegetables,warm,根菜類などの冬野菜,A3: claims.csv の food_ja に `・` を含む行は 649中0、`（）` を含む行は6。→ `・` 複合は構成要素に割る（c2）／`（）` 複合は1行のまま（c1）,
kawashimaya,根菜類などの冬野菜,include,,根菜類などの冬野菜,root vegetables and other winter vegetables,warm,厳しい環境で育った冬野菜は、体を温める代表的な食材です。,A3: claims.csv の food_ja に `・` を含む行は 649中0、`（）` を含む行は6。→ `・` 複合は構成要素に割る（c2）／`（）` 複合は1行のまま（c1）,
kawashimaya,生姜には体を温める成分「ショウガオール」が豊富に含まれています,include,,生姜,ginger,warm,生姜には体を温める成分「ショウガオール」が豊富に含まれています。,A2: 凍結 claims.csv が4形すべての癒着食品を、癒着したままの quote で拾っとる（yomeishu 6/6・kracie 5/5・hiesyo_com 5/5・onkatsu_note の `└小豆` は quote が「└小豆,
kawashimaya,薬味,include,,薬味,aromatic condiments,warm,ネギなどの薬味を加えれば、さらに温活効果がアップ,A3: claims.csv の food_ja に `・` を含む行は 649中0、`（）` を含む行は6。→ `・` 複合は構成要素に割る（c2）／`（）` 複合は1行のまま（c1）,
kracie,きゅうり等,include,,きゅうり,cucumber,cool,きゅうり等の水分の多い夏野菜,A2: 凍結 claims.csv が4形すべての癒着食品を、癒着したままの quote で拾っとる（yomeishu 6/6・kracie 5/5・hiesyo_com 5/5・onkatsu_note の `└小豆` は quote が「└小豆,
kracie,スイカ等,include,,スイカ,watermelon,cool,バナナ、スイカ等の南国フルーツ,A2: 凍結 claims.csv が4形すべての癒着食品を、癒着したままの quote で拾っとる（yomeishu 6/6・kracie 5/5・hiesyo_com 5/5・onkatsu_note の `└小豆` は quote が「└小豆,
kracie,寒い地方で採れるフルーツ,include,,寒い地方で採れるフルーツ,fruit grown in cold regions,warm,寒い地方で採れるフルーツ,A7: claims.csv の food_ja で 体を温め/体を冷や/陰性/陽性/温活 を含む行は 649中0。一方 葉物野菜・ナッツ類・香辛料・海藻・生野菜・食品添加物 など実在クラスは17行ある。→ 方向語つきの総称ラベルは食品にせん／実在,
macaroni,体を冷やす野菜,exclude,not-food,,,,,A7: claims.csv の food_ja で 体を温め/体を冷や/陰性/陽性/温活 を含む行は 649中0。一方 葉物野菜・ナッツ類・香辛料・海藻・生野菜・食品添加物 など実在クラスは17行ある。→ 方向語つきの総称ラベルは食品にせん／実在,
macaroni,地面より下にできる野菜,include,,地面より下にできる野菜,root vegetables,warm,地面より下にできる野菜も体を温めるはたらきがありますよ,A7: claims.csv の food_ja で 体を温め/体を冷や/陰性/陽性/温活 を含む行は 649中0。一方 葉物野菜・ナッツ類・香辛料・海藻・生野菜・食品添加物 など実在クラスは17行ある。→ 方向語つきの総称ラベルは食品にせん／実在,
macaroni,夏野菜,include,,夏野菜,summer vegetables,cool,夏野菜の代表であるきゅうり・トマト・なすをはじめ、レタスやほうれんそうが挙げられます。,A7: claims.csv の food_ja で 体を温め/体を冷や/陰性/陽性/温活 を含む行は 649中0。一方 葉物野菜・ナッツ類・香辛料・海藻・生野菜・食品添加物 など実在クラスは17行ある。→ 方向語つきの総称ラベルは食品にせん／実在,
macrobiotic_rashinban,きかせたり酢,include,,酢,vinegar,cool,香辛料をきかせたり酢を使ったりすると陰性になります,entry-(b) / A2 癒着スパン: claims.csv が持つ帰属を両コーダーが一致で落とした（c1=fragment / c2=fragment）,
macrobiotic_rashinban,きゅうり,include,,きゅうり,cucumber,cool,きゅうり,entry-(b) 方向チャネル: 台帳 neutral vs claims.csv cool。A9（散文が9段階スケールに勝つ）の根拠が claims.csv そのものなのでclaims の cool を採る,
macrobiotic_rashinban,ごぼう,include,,ごぼう,burdock root,warm,ごぼう,entry-(b) 方向チャネル: 台帳 neutral vs claims.csv warm。A9（散文が9段階スケールに勝つ）の根拠が claims.csv そのものなのでclaims の warm を採る,
macrobiotic_rashinban,にんじん,include,,にんじん,carrot,warm,にんじん,RD-4 不変条件: macrobiotic_rashinban/にんじん が neutral と warm の2行を持っとった。短い方を行にし (rule 2)、方向は claims.csv の warm を採る,
macrobiotic_rashinban,カボチャは陽性野菜の代表格ですが,include,,カボチャ,pumpkin,warm,カボチャは陽性野菜の代表格ですが,A2: 凍結 claims.csv が4形すべての癒着食品を、癒着したままの quote で拾っとる（yomeishu 6/6・kracie 5/5・hiesyo_com 5/5・onkatsu_note の `└小豆` は quote が「└小豆,
macrobiotic_rashinban,ジネンジョ,include,,ジネンジョ,jinenjo (mountain yam),warm,ジネンジョ,entry-(b) 方向チャネル: 台帳 neutral vs claims.csv warm。A9（散文が9段階スケールに勝つ）の根拠が claims.csv そのものなのでclaims の warm を採る,
macrobiotic_rashinban,タケノコ,include,,タケノコ,bamboo shoot,cool,タケノコはとても短い間に上に伸びるので陰性で,A3: claims.csv の food_ja に `・` を含む行は 649中0、`（）` を含む行は6。→ `・` 複合は構成要素に割る（c2）／`（）` 複合は1行のまま（c1）,
macrobiotic_rashinban,タケノコはとても短い間に上に伸びるので陰性で,include,,タケノコ,bamboo shoot,cool,タケノコはとても短い間に上に伸びるので陰性で,A2: 凍結 claims.csv が4形すべての癒着食品を、癒着したままの quote で拾っとる（yomeishu 6/6・kracie 5/5・hiesyo_com 5/5・onkatsu_note の `└小豆` は quote が「└小豆,
macrobiotic_rashinban,下に向かって育つにんじんは陽性と言えます,exclude,duplicate,,,,,RD-4 不変条件: macrobiotic_rashinban/にんじん の行は `にんじん` が持つ。§9.4 rule 7,
macrobiotic_rashinban,人参,include,,人参,carrot,warm,人参,entry-(b) 方向チャネル: 台帳 neutral vs claims.csv warm。A9（散文が9段階スケールに勝つ）の根拠が claims.csv そのものなのでclaims の warm を採る,
macrobiotic_rashinban,全粒の穀物が食物の中でももっとも中庸でバランスがとれていて,include,,全粒の穀物,whole grain,neutral,全粒の穀物が食物の中でももっとも中庸でバランスがとれていて,A2: 凍結 claims.csv が4形すべての癒着食品を、癒着したままの quote で拾っとる（yomeishu 6/6・kracie 5/5・hiesyo_com 5/5・onkatsu_note の `└小豆` は quote が「└小豆,
macrobiotic_rashinban,刺激の強くない飲み物,include,,刺激の強くない飲み物,mild (low-stimulant) beverages,neutral,刺激の強くない飲み物,A7: claims.csv の food_ja で 体を温め/体を冷や/陰性/陽性/温活 を含む行は 649中0。一方 葉物野菜・ナッツ類・香辛料・海藻・生野菜・食品添加物 など実在クラスは17行ある。→ 方向語つきの総称ラベルは食品にせん／実在,
macrobiotic_rashinban,塩,exclude,no-direction,,,,,「塩がきいている（しょっぱい）と陽性」の 陽性 は**味**に付いとる。同ソース L177「酸っぱい、辛いは陰性です」が明示的に味の話なんが並行証拠。凍結 claims.csv は 精製塩(warm) を別リストから持つが**裸の 塩 は持たん**。c2 の判断,
macrobiotic_rashinban,小豆の方が小さくて赤いので大豆より陽性と言えます,exclude,duplicate,,,,,RD-4 不変条件: macrobiotic_rashinban/小豆 の行は `小豆` が持つ。§9.4 rule 7,
macrobiotic_rashinban,根菜,include,,根菜,root vegetable,warm,下に向かって育つにんじんは陽性と言えます。この性質から、一般的に根菜類は陽性と言えます。,A9 の uniform 適用漏れ: 同一ソースの `根菜類` は warm に着地しとるのに `根菜` だけ neutral やと、1つの列挙について台帳が自己矛盾する。claims.csv は macrobiotic に root vegetable 行を持たんので、A9 の根拠(散文「根菜類は陽性」)を直接当てる,
macrobiotic_rashinban,根菜類,include,,根菜類,root vegetables,warm,根菜類は陽性,A3: claims.csv の food_ja に `・` を含む行は 649中0、`（）` を含む行は6。→ `・` 複合は構成要素に割る（c2）／`（）` 複合は1行のまま（c1）,
macrobiotic_rashinban,根菜類は陽性と言えます,include,,根菜類,root vegetable,warm,根菜類は陽性と言えます,A2: 凍結 claims.csv が4形すべての癒着食品を、癒着したままの quote で拾っとる（yomeishu 6/6・kracie 5/5・hiesyo_com 5/5・onkatsu_note の `└小豆` は quote が「└小豆,
macrobiotic_rashinban,玄米,include,,玄米,brown rice,neutral,もっともバランスがとれているはずの「玄米」,A9: claims.csv が macrobiotic の ごぼう／にんじん／玉ネギ／ジネンジョ を **warm** で coding しとる（quote =「根菜（ごぼう、玉ネギ、にんじん、ジネンジョ）……７」）＝散文が9段階スケールに勝つ,
macrobiotic_rashinban,玉ねぎ,include,,玉ねぎ,onion,warm,玉ねぎ,entry-(b) 方向チャネル: 台帳 neutral vs claims.csv warm。A9（散文が9段階スケールに勝つ）の根拠が claims.csv そのものなのでclaims の warm を採る,
macrobiotic_rashinban,玉ネギ,include,,玉ネギ,onion,warm,玉ネギ,entry-(b) 方向チャネル: 台帳 neutral vs claims.csv warm。A9（散文が9段階スケールに勝つ）の根拠が claims.csv そのものなのでclaims の warm を採る,
oitr,いわし缶,include,,いわし缶,canned sardine,warm,🐟 サバ缶・いわし缶,A1: §9.5 が明文で「『体が温まる！おすすめ温活レシピ』predicates it of the recipes as a group」と書いとる。見出しによる群述語は protocol 自身が認めとる。⚠️ claims.csv には料理が,
oitr,カプサイシン（唐辛子）,include,,唐辛子,chili pepper,warm,唐辛子に含まれるカプサイシンは、体を内側からアクティブに温める働きが注目されており、体が温まりやすいのが特徴です。,A6: claims.csv は prezo の ほうじ茶 のみを持ち 番茶 を持たん（quote は「ほうじ茶（番茶）」）＝括弧内は言い換え。程度変化（ドライフルーツ「弱くなる」）は claims に無く、明示的な側の変更（干し柿「変わります」）,
oitr,サラダチキン,include,,サラダチキン,salad chicken,warm,🥚 ゆで卵・サラダチキン,A1: §9.5 が明文で「『体が温まる！おすすめ温活レシピ』predicates it of the recipes as a group」と書いとる。見出しによる群述語は protocol 自身が認めとる。⚠️ claims.csv には料理が,
oitr,スパイス・調味料,include,,スパイス・調味料,spices and seasonings,warm,体を温める食材は薬膳の考え方に基づき「陽性食品」と分類されます。,A3: claims.csv の food_ja に `・` を含む行は 649中0、`（）` を含む行は6。→ `・` 複合は構成要素に割る（c2）／`（）` 複合は1行のまま（c1）,
oitr,冬野菜,include,,冬野菜,winter vegetables,warm,寒い地域・季節に育つもの（根菜・冬野菜）は温め,A3: claims.csv の food_ja に `・` を含む行は 649中0、`（）` を含む行は6。→ `・` 複合は構成要素に割る（c2）／`（）` 複合は1行のまま（c1）,
oitr,加熱した生姜,include,,生姜,ginger,warm,加熱した生姜の方がショウガオールが多くなるため、スープや炒め物に使うことでより温め効果が得やすいとされています。,A2: 凍結 claims.csv が4形すべての癒着食品を、癒着したままの quote で拾っとる（yomeishu 6/6・kracie 5/5・hiesyo_com 5/5・onkatsu_note の `└小豆` は quote が「└小豆,
oitr,即席スープ,include,,即席スープ,instant soup,warm,🍵 カップ味噌汁・即席スープ,A1: §9.5 が明文で「『体が温まる！おすすめ温活レシピ』predicates it of the recipes as a group」と書いとる。見出しによる群述語は protocol 自身が認めとる。⚠️ claims.csv には料理が,
oitr,味噌汁,exclude,serving-temperature,,,,,A8: §9.4 rule 6 の根拠が §8 の kracie 白湯/生姜湯 裁定そのもので、§9.5 の vehicle 例も「朝の味噌汁」。claims.csv は oitr 味噌汁/生姜湯/スープ 0・kracie 白湯/生姜湯 0・bas,
oitr,寒冷地の果物,include,,寒冷地の果物,cold-region fruit,warm,寒冷地の果物・ナッツ,A3: claims.csv の food_ja に `・` を含む行は 649中0、`（）` を含む行は6。→ `・` 複合は構成要素に割る（c2）／`（）` 複合は1行のまま（c1）,
oitr,寒冷地の果物・ナッツ,include,,寒冷地の果物・ナッツ,cold-region fruits and nuts,warm,寒い地域で育つ果物・種実類は体を温めるとされる。ビタミンEも豊富で内側からのめぐりをサポート,A3: claims.csv の food_ja に `・` を含む行は 649中0、`（）` を含む行は6。→ `・` 複合は構成要素に割る（c2）／`（）` 複合は1行のまま（c1）,
oitr,果物,exclude,no-direction,,,,,D61 の head noun。方向は `寒冷地の果物`(warm) と `南国の果物`/`南国果物`(cool) が担っとって（両方とも別候補として include 済）、裸の `果物` はその残骸。c2 の判断を採る。凍結 claims.csv も oitr に 果物 を持たん,
oitr,根菜・冬野菜,include,,根菜・冬野菜,root and winter vegetables,warm,「寒い地域・季節に育つもの（根菜・冬野菜）は温め」,A3: claims.csv の food_ja に `・` を含む行は 649中0、`（）` を含む行は6。→ `・` 複合は構成要素に割る（c2）／`（）` 複合は1行のまま（c1）,
oitr,生姜入りスープ,exclude,serving-temperature,,,,,A8: §9.4 rule 6 の根拠が §8 の kracie 白湯/生姜湯 裁定そのもので、§9.5 の vehicle 例も「朝の味噌汁」。claims.csv は oitr 味噌汁/生姜湯/スープ 0・kracie 白湯/生姜湯 0・bas,
oitr,生姜湯,exclude,serving-temperature,,,,,A8: §9.4 rule 6 の根拠が §8 の kracie 白湯/生姜湯 裁定そのもので、§9.5 の vehicle 例も「朝の味噌汁」。claims.csv は oitr 味噌汁/生姜湯/スープ 0・kracie 白湯/生姜湯 0・bas,
oitr,良質なたんぱく質,include,,良質なたんぱく質,quality protein,warm,筋肉量を維持するために良質なたんぱく質を毎日摂ることが、長期的な温活の土台になります。,A3: claims.csv の food_ja に `・` を含む行は 649中0、`（）` を含む行は6。→ `・` 複合は構成要素に割る（c2）／`（）` 複合は1行のまま（c1）,
oitr,薬味,include,,薬味,aromatic condiments,warm,体を温める食材は根菜・薬味（生姜・ねぎ）,A3: claims.csv の food_ja に `・` を含む行は 649中0、`（）` を含む行は6。→ `・` 複合は構成要素に割る（c2）／`（）` 複合は1行のまま（c1）,
oitr,薬味・香味野菜,include,,薬味・香味野菜,aromatic vegetables and flavorings,warm,生姜のジンゲロール・ショウガオールは内側からのめぐりが期待される代表的な温活食材,A3: claims.csv の food_ja に `・` を含む行は 649中0、`（）` を含む行は6。→ `・` 複合は構成要素に割る（c2）／`（）` 複合は1行のまま（c1）,
oitr,調味料,include,,調味料,seasonings,warm,スパイス・調味料,A3: claims.csv の food_ja に `・` を含む行は 649中0、`（）` を含む行は6。→ `・` 複合は構成要素に割る（c2）／`（）` 複合は1行のまま（c1）,
oitr,香味野菜,include,,香味野菜,aromatic vegetables,warm,薬味・香味野菜,A3: claims.csv の food_ja に `・` を含む行は 649中0、`（）` を含む行は6。→ `・` 複合は構成要素に割る（c2）／`（）` 複合は1行のまま（c1）,
oitr,🌿 甘酒,include,,甘酒,amazake,warm,🌿 甘酒（無加糖）,A1: §9.5 が明文で「『体が温まる！おすすめ温活レシピ』predicates it of the recipes as a group」と書いとる。見出しによる群述語は protocol 自身が認めとる。⚠️ claims.csv には料理が,
oitr,🍵 カップ味噌汁,include,,カップ味噌汁,cup miso soup,warm,🍵 カップ味噌汁・即席スープ,A1: §9.5 が明文で「『体が温まる！おすすめ温活レシピ』predicates it of the recipes as a group」と書いとる。見出しによる群述語は protocol 自身が認めとる。⚠️ claims.csv には料理が,
oitr,🐟 サバ缶,include,,サバ缶,canned mackerel,warm,🐟 サバ缶・いわし缶,A1: §9.5 が明文で「『体が温まる！おすすめ温活レシピ』predicates it of the recipes as a group」と書いとる。見出しによる群述語は protocol 自身が認めとる。⚠️ claims.csv には料理が,
oitr,🥚 ゆで卵,include,,ゆで卵,boiled egg,warm,🥚 ゆで卵・サラダチキン,A1: §9.5 が明文で「『体が温まる！おすすめ温活レシピ』predicates it of the recipes as a group」と書いとる。見出しによる群述語は protocol 自身が認めとる。⚠️ claims.csv には料理が,
oitr,🥜 ミックスナッツ,include,,ミックスナッツ,mixed nuts,warm,🥜 ミックスナッツ,A1: §9.5 が明文で「『体が温まる！おすすめ温活レシピ』predicates it of the recipes as a group」と書いとる。見出しによる群述語は protocol 自身が認めとる。⚠️ claims.csv には料理が,
oitr,🫚 生姜入りドリンク,exclude,serving-temperature,,,,,A8: §9.4 rule 6 の根拠が §8 の kracie 白湯/生姜湯 裁定そのもので、§9.5 の vehicle 例も「朝の味噌汁」。claims.csv は oitr 味噌汁/生姜湯/スープ 0・kracie 白湯/生姜湯 0・bas,
onkatsu_note,└味噌,include,,味噌,miso,warm,└味噌・納豆・ぬか漬け（腸内環境を整えて代謝をサポートするとされています）,A2: 凍結 claims.csv が4形すべての癒着食品を、癒着したままの quote で拾っとる（yomeishu 6/6・kracie 5/5・hiesyo_com 5/5・onkatsu_note の `└小豆` は quote が「└小豆,
onkatsu_note,└小豆,include,,小豆,adzuki bean,warm,└小豆・黒豆・かぼちゃ・にんじん・ひじきなど,A2: 凍結 claims.csv が4形すべての癒着食品を、癒着したままの quote で拾っとる（yomeishu 6/6・kracie 5/5・hiesyo_com 5/5・onkatsu_note の `└小豆` は quote が「└小豆,
onkatsu_note,おにぎり,include,,おにぎり,rice ball,warm,コンビニ温活フードの選び方,A1: §9.5 が明文で「『体が温まる！おすすめ温活レシピ』predicates it of the recipes as a group」と書いとる。見出しによる群述語は protocol 自身が認めとる。⚠️ claims.csv には料理が,
onkatsu_note,にんにく,include,,にんにく,garlic,warm,血行をサポートする食材（生姜・にんにく・ビタミンE）,A4: claims.csv が onkatsu_note の にんにく／ほうじ茶／黒豆茶 を 「血行をサポートする食材」「冷え対策に向いている飲み物」の quote で warm に coding しとる。D60 の文法テストは目的名詞一般に及ぶ,
onkatsu_note,ほうじ茶,include,,ほうじ茶,hojicha,warm,冷え対策に向いている飲み物,A4: claims.csv が onkatsu_note の にんにく／ほうじ茶／黒豆茶 を 「血行をサポートする食材」「冷え対策に向いている飲み物」の quote で warm に coding しとる。D60 の文法テストは目的名詞一般に及ぶ,
onkatsu_note,ゆでたまご,include,,ゆでたまご,boiled egg,warm,コンビニ温活フードの選び方,A1: §9.5 が明文で「『体が温まる！おすすめ温活レシピ』predicates it of the recipes as a group」と書いとる。見出しによる群述語は protocol 自身が認めとる。⚠️ claims.csv には料理が,
onkatsu_note,アイス類,exclude,serving-temperature,,,,,A8: §9.4 rule 6 の根拠が §8 の kracie 白湯/生姜湯 裁定そのもので、§9.5 の vehicle 例も「朝の味噌汁」。claims.csv は oitr 味噌汁/生姜湯/スープ 0・kracie 白湯/生姜湯 0・bas,
onkatsu_note,アルコール自体,include,,アルコール,alcohol,cool,アルコール自体は一時的に温かく感じても深部体温を下げることがあるため、飲みすぎには注意が必要です。,A2: 凍結 claims.csv が4形すべての癒着食品を、癒着したままの quote で拾っとる（yomeishu 6/6・kracie 5/5・hiesyo_com 5/5・onkatsu_note の `└小豆` は quote が「└小豆,
onkatsu_note,スパイス,include,,スパイス,spices,warm,血行をサポートするスパイスも、冷え対策に役立つとされています。,A4: claims.csv が onkatsu_note の にんにく／ほうじ茶／黒豆茶 を 「血行をサポートする食材」「冷え対策に向いている飲み物」の quote で warm に coding しとる。D60 の文法テストは目的名詞一般に及ぶ,
onkatsu_note,ヒハツ,include,,ヒハツ,long pepper,warm,血行をサポートするスパイスも、冷え対策に役立つとされています。,A4: claims.csv が onkatsu_note の にんにく／ほうじ茶／黒豆茶 を 「血行をサポートする食材」「冷え対策に向いている飲み物」の quote で warm に coding しとる。D60 の文法テストは目的名詞一般に及ぶ,
onkatsu_note,フェンネル,include,,フェンネル,fennel,warm,血行をサポートするスパイスも、冷え対策に役立つとされています。,A4: claims.csv が onkatsu_note の にんにく／ほうじ茶／黒豆茶 を 「血行をサポートする食材」「冷え対策に向いている飲み物」の quote で warm に coding しとる。D60 の文法テストは目的名詞一般に及ぶ,
onkatsu_note,八角,include,,八角,star anise,warm,血行をサポートするスパイスも、冷え対策に役立つとされています。,A4: claims.csv が onkatsu_note の にんにく／ほうじ茶／黒豆茶 を 「血行をサポートする食材」「冷え対策に向いている飲み物」の quote で warm に coding しとる。D60 の文法テストは目的名詞一般に及ぶ,
onkatsu_note,含む日本酒,include,,日本酒,sake,warm,アミノ酸を含む日本酒や、ポリフェノール豊富な赤ワインが比較的向いている,entry-(b) / A2 癒着スパン: claims.csv が持つ帰属を両コーダーが一致で落とした（c1=fragment / c2=fragment）,
onkatsu_note,夏野菜,include,,夏野菜,summer vegetables,cool,夏野菜は食べる量を控えめにするか、加熱して食べるなどの工夫が必要です,A7: claims.csv の food_ja で 体を温め/体を冷や/陰性/陽性/温活 を含む行は 649中0。一方 葉物野菜・ナッツ類・香辛料・海藻・生野菜・食品添加物 など実在クラスは17行ある。→ 方向語つきの総称ラベルは食品にせん／実在,
onkatsu_note,日本酒か赤ワイン,include,,赤ワイン,red wine,warm,アミノ酸を含む日本酒や、ポリフェノール豊富な赤ワインが比較的向いている,entry-(b) / A2 癒着スパン: claims.csv が持つ帰属を両コーダーが一致で落とした（c1=fragment / c2=fragment）,
onkatsu_note,根菜スープ,include,,根菜スープ,root vegetable soup,warm,お米・根菜スープ・ゆでたまご,A1: §9.5 が明文で「『体が温まる！おすすめ温活レシピ』predicates it of the recipes as a group」と書いとる。見出しによる群述語は protocol 自身が認めとる。⚠️ claims.csv には料理が,
onkatsu_note,甘酒,include,,甘酒,amazake,warm,冷え対策に向いている飲み物,A4: claims.csv が onkatsu_note の にんにく／ほうじ茶／黒豆茶 を 「血行をサポートする食材」「冷え対策に向いている飲み物」の quote で warm に coding しとる。D60 の文法テストは目的名詞一般に及ぶ,
onkatsu_note,生姜（加熱）,include,,生姜（加熱）,ginger,warm,根菜類・生姜（加熱）・発酵食品,A1: §9.5 が明文で「『体が温まる！おすすめ温活レシピ』predicates it of the recipes as a group」と書いとる。見出しによる群述語は protocol 自身が認めとる。⚠️ claims.csv には料理が,
onkatsu_note,豚汁,include,,豚汁,pork miso soup,warm,豚肉のビタミンB群・根菜の食物繊維・味噌の発酵成分が揃う豚汁は、一度に多くの温活食材を摂れる一品,A4: claims.csv が onkatsu_note の にんにく／ほうじ茶／黒豆茶 を 「血行をサポートする食材」「冷え対策に向いている飲み物」の quote で warm に coding しとる。D60 の文法テストは目的名詞一般に及ぶ,
onkatsu_note,黒豆茶,include,,黒豆茶,black soybean tea,warm,冷え対策に向いている飲み物,A4: claims.csv が onkatsu_note の にんにく／ほうじ茶／黒豆茶 を 「血行をサポートする食材」「冷え対策に向いている飲み物」の quote で warm に coding しとる。D60 の文法テストは目的名詞一般に及ぶ,
prezo,2.体を温める野菜,exclude,not-food,,,,,A7: claims.csv の food_ja で 体を温め/体を冷や/陰性/陽性/温活 を含む行は 649中0。一方 葉物野菜・ナッツ類・香辛料・海藻・生野菜・食品添加物 など実在クラスは17行ある。→ 方向語つきの総称ラベルは食品にせん／実在,
prezo,3.体を温める果物,exclude,not-food,,,,,A7: claims.csv の food_ja で 体を温め/体を冷や/陰性/陽性/温活 を含む行は 649中0。一方 葉物野菜・ナッツ類・香辛料・海藻・生野菜・食品添加物 など実在クラスは17行ある。→ 方向語つきの総称ラベルは食品にせん／実在,
prezo,5.体を温める香辛料,exclude,not-food,,,,,A7: claims.csv の food_ja で 体を温め/体を冷や/陰性/陽性/温活 を含む行は 649中0。一方 葉物野菜・ナッツ類・香辛料・海藻・生野菜・食品添加物 など実在クラスは17行ある。→ 方向語つきの総称ラベルは食品にせん／実在,
prezo,さつまいもや小松菜,include,,さつまいも,sweet potato,warm,さつまいもや小松菜、にら、チーズなどは体を温める食べ物のひとつです,entry-(b) / A2 癒着スパン: claims.csv が持つ帰属を両コーダーが一致で落とした（c1=fragment / c2=fragment）,
prezo,にんじんやしょうが,include,,しょうが,ginger,warm,しょうがには発汗を促す作用があり体の芯から温めてくれます,entry-(b) / A2 癒着スパン: claims.csv が持つ帰属を両コーダーが一致で落とした（c1=fragment / c2=fragment）,
prezo,体を温める果物,exclude,not-food,,,,,A7: claims.csv の food_ja で 体を温め/体を冷や/陰性/陽性/温活 を含む行は 649中0。一方 葉物野菜・ナッツ類・香辛料・海藻・生野菜・食品添加物 など実在クラスは17行ある。→ 方向語つきの総称ラベルは食品にせん／実在,
prezo,体を温める野菜,exclude,not-food,,,,,A7: claims.csv の food_ja で 体を温め/体を冷や/陰性/陽性/温活 を含む行は 649中0。一方 葉物野菜・ナッツ類・香辛料・海藻・生野菜・食品添加物 など実在クラスは17行ある。→ 方向語つきの総称ラベルは食品にせん／実在,
prezo,体を温める香辛料,exclude,not-food,,,,,A7: claims.csv の food_ja で 体を温め/体を冷や/陰性/陽性/温活 を含む行は 649中0。一方 葉物野菜・ナッツ類・香辛料・海藻・生野菜・食品添加物 など実在クラスは17行ある。→ 方向語つきの総称ラベルは食品にせん／実在,
prezo,焼き魚,include,,焼き魚,grilled fish,warm,体を温めるおすすめの料理には次のものがあります,A1: §9.5 が明文で「『体が温まる！おすすめ温活レシピ』predicates it of the recipes as a group」と書いとる。見出しによる群述語は protocol 自身が認めとる。⚠️ claims.csv には料理が,
prezo,焼き魚（赤身魚・青魚）,include,,焼き魚（赤身魚・青魚）,grilled fish (red-meat fish/blue-backed fish),warm,焼き魚（赤身魚・青魚）,A6: claims.csv は prezo の ほうじ茶 のみを持ち 番茶 を持たん（quote は「ほうじ茶（番茶）」）＝括弧内は言い換え。程度変化（ドライフルーツ「弱くなる」）は claims に無く、明示的な側の変更（干し柿「変わります」）,
prezo,番茶,include,,番茶,bancha,warm,"ほうじ茶（番茶）
などは寝る前に飲むと体が温まり",A6: claims.csv は prezo の ほうじ茶 のみを持ち 番茶 を持たん（quote は「ほうじ茶（番茶）」）＝括弧内は言い換え。程度変化（ドライフルーツ「弱くなる」）は claims に無く、明示的な側の変更（干し柿「変わります」）,
prezo,発酵させて納豆,include,,納豆,natto,warm,発酵させて納豆や味噌、醤油などにすると体を温める食べ物・食材になります,entry-(b) / A2 癒着スパン: claims.csv が持つ帰属を両コーダーが一致で落とした（c1=fragment / c2=fragment）,
prezo,白米,include,,白米,white rice,warm,白米のアミノ酸には血管を拡張して体を温めるはたらきがあります,entry-(b) / A5 系（方向の読み・スパンは健全）: claims.csv が持つ帰属を両コーダーが一致で落とした（c1=no-direction / c2=no-direction）,
prezo,肉全般,include,,肉全般,meat,warm,1.体を温める肉・魚｜肉全般と赤身魚や青魚,A2: 凍結 claims.csv が4形すべての癒着食品を、癒着したままの quote で拾っとる（yomeishu 6/6・kracie 5/5・hiesyo_com 5/5・onkatsu_note の `└小豆` は quote が「└小豆,
yomeishu,夏が旬の野菜,include,,夏が旬の野菜,summer vegetables,cool,「体を温める食べ物」とは対照的に、暑い地域でとれるもの、夏が旬の野菜、土より上に育つもの、白米や砂糖など白や黄色といった色が薄いものが当てはまります。,A2: 凍結 claims.csv が4形すべての癒着食品を、癒着したままの quote で拾っとる（yomeishu 6/6・kracie 5/5・hiesyo_com 5/5・onkatsu_note の `└小豆` は quote が「└小豆,
yomeishu,果物 ...... いちご,include,,いちご,strawberry,cool,果物 ...... いちご、バナナ、スイカ、柿、梨、メロン、キウイ、マンゴーなど,A2: 凍結 claims.csv が4形すべての癒着食品を、癒着したままの quote で拾っとる（yomeishu 6/6・kracie 5/5・hiesyo_com 5/5・onkatsu_note の `└小豆` は quote が「└小豆,
yomeishu,濃い玄米,include,,玄米,brown rice,warm,見分け方: 色が濃い玄米は陽性,entry-(b) / A2 癒着スパン: claims.csv が持つ帰属を両コーダーが一致で落とした（c1=fragment / c2=fragment）,
yomeishu,肉 ...... 馬肉,include,,馬肉,horse meat,cool,肉 ...... 馬肉、鴨肉、動物性脂肪など,A2: 凍結 claims.csv が4形すべての癒着食品を、癒着したままの quote で拾っとる（yomeishu 6/6・kracie 5/5・hiesyo_com 5/5・onkatsu_note の `└小豆` は quote が「└小豆,
yomeishu,調味料 ...... 酢,include,,酢,vinegar,cool,調味料 ...... 酢、白砂糖、ごま油、菜種油、オイスターソースなど,A2: 凍結 claims.csv が4形すべての癒着食品を、癒着したままの quote で拾っとる（yomeishu 6/6・kracie 5/5・hiesyo_com 5/5・onkatsu_note の `└小豆` は quote が「└小豆,
yomeishu,豆類 ...... 小麦,include,,小麦,wheat,cool,穀物・豆類 ...... 小麦、大麦、そば、枝豆、豆腐、緑豆、こんにゃくなど,A2: 凍結 claims.csv が4形すべての癒着食品を、癒着したままの quote で拾っとる（yomeishu 6/6・kracie 5/5・hiesyo_com 5/5・onkatsu_note の `└小豆` は quote が「└小豆,
yomeishu,野菜 ...... きゅうり,include,,きゅうり,cucumber,cool,野菜 ...... きゅうり、トマト、白菜、なす、ゴーヤ、ほうれん草、チンゲン菜、セロリ、かいわれ大根、冬瓜など,A2: 凍結 claims.csv が4形すべての癒着食品を、癒着したままの quote で拾っとる（yomeishu 6/6・kracie 5/5・hiesyo_com 5/5・onkatsu_note の `└小豆` は quote が「└小豆,
yomeishu,魚介類 ...... 牡蠣,include,,牡蠣,oyster,cool,魚介類 ...... 牡蠣、あさり、しじみ、はまぐり、カニ、タコ、わかめ、ひじき、のりなど,A2: 凍結 claims.csv が4形すべての癒着食品を、癒着したままの quote で拾っとる（yomeishu 6/6・kracie 5/5・hiesyo_com 5/5・onkatsu_note の `└小豆` は quote が「└小豆,
