pmid,food_key,coder1,coder2,adjudicated,sub_label,reason
23872837,agar,claim-directed,claim-directed,False,claim-directed,aim names DIT alongside GE/glycaemic response
17445351,almond,incidental,incidental,False,incidental,"aim = does chronic almond intake cause weight gain/body composition change; RMR/TEF reported only in results, not the aim"
34055150,apple,claim-directed,claim-directed,False,claim-directed,aim = effect of apple cider vinegar/acetic acid on resting & exercise energy expenditure
30011719,banana,incidental,incidental,False,incidental,"aim = taste-elicited facial expressions/ANS responses across 5 juices; banana one instance, skin temp one of several ANS measures, not named as the aim"
39531559,banana,claim-directed,claim-directed,False,claim-directed,title/aim = compare thermic effect of food of durian vs banana ingestion
17164830,barley,claim-directed,claim-directed,False,claim-directed,aim names TEF alongside glucose/insulin/satiety
23742725,barley,claim-directed,claim-directed,False,claim-directed,aim names DIT alongside GE/glycaemic response
29338262,barley,claim-directed,claim-directed,False,claim-directed,title states RBE increases cutaneous blood flow & skin temperature in humans
29792425,barley,claim-directed,claim-directed,False,claim-directed,title/aim = RBE prevents cutaneous blood flow/skin temperature drop under air conditioning
30814418,barley,claim-directed,claim-directed,False,claim-directed,title/aim = RBE prevents skin temperature decrease in cold conditions
35179770,barley,incidental,incidental,False,incidental,"aim = efficacy of barley water on hospitalized COVID-19 clinical outcomes (length of stay, ESR, CRP); body temperature/fever is one of several clinical markers, not named as the aim"
10073471,beef,claim-directed,claim-directed,False,claim-directed,title/aim = compare postprandial thermogenic response to beef vs cod meals
26821042,beef,incidental,incidental,False,incidental,aim = effect of dietary protein SOURCE (beef/pork vs soy/legume) & quantity on appetite/EE/cardio-metabolic responses during weight loss; beef is the instance chosen for the 'omnivorous protein source' arm -- this is the protocol's own named unsettled category-instance class
9868184,beef,incidental,incidental,False,incidental,"aim = digestibility/energy value of beef tallow vs corn oil as dietary fat sources (metabolisable-energy accounting); TEF reported only among results, not the stated aim"
1131767,beer,incidental,incidental,False,incidental,"aim = compare sensorimotor/physiological impairment across alcoholic beverage types; skin temperature is one of several physiological measures, no thermal term in title/aim"
12083361,beer,incidental,incidental,False,incidental,aim = does alcohol ingestion increase mosquito attraction; skin temperature measured as a candidate correlate and found uncorrelated
2055167,beer,incidental,incidental,False,incidental,"aim = alcohol cue-reactivity vs habitual consumption level; skin temperature is one of several physiological measures, not named as the aim"
8034373,beer,incidental,incidental,False,incidental,"aim = compensatory response to placebo alcohol vs personality alcoholism-risk; skin temperature/conductance are readouts of compensatory-response theory, not a food-thermal question"
40501501,black soybean,incidental,incidental,False,incidental,"aim = effect of black soybean extract on sleep quality; palmar temperature/blood flow are buried among many secondary outcomes, not named in title or aim"
16366740,black tea,claim-directed,claim-directed,False,claim-directed,objective explicitly states: test the supplement for stimulation of thermogenesis
16580033,black tea,claim-directed,claim-directed,False,claim-directed,"review whose stated objective is the thermogenic/metabolic effect of spices, teas and caffeine"
28034564,black tea,incidental,claim-directed,True,incidental,"condition 2, per the chicken/41901102-42072392 worked example: a framing that presents the perfusion measure as vascular, endothelial or haemodynamic *function* is not naming a thermal outcome, however much the measurement itself qualifies under §2.3; the aim names cutaneous microvascular function and the background frames it as NO-mediated cardiovascular risk"
17945318,bonito,claim-directed,claim-directed,False,claim-directed,title/aim name peripheral blood flow as a co-equal outcome with mood and oxidative stress
27220795,bonito,incidental,incidental,False,incidental,"aim = does dried-bonito broth prevent hand-foot syndrome (a chemotherapy side effect); peripheral blood flow is monitored as the mechanism explaining HFS prevention, not itself the stated question"
29713197,bonito,incidental,incidental,False,incidental,"aim = analyze the mechanism of, and prevent, sorafenib-induced hand-foot syndrome; blood flow is monitored as the mechanism serving the HFS-prevention question"
20613890,cheese,incidental,incidental,False,incidental,cheese is present in both arms; food processing (whole-food vs processed-food) is what varies -- protocol's own worked example
30249314,cheese,claim-directed,claim-directed,False,claim-directed,title/aim = effect of whole-food (cottage cheese) vs casein-supplement protein source on next-morning resting energy expenditure
31632281,cheese,incidental,incidental,False,incidental,"aim = cardiovascular/cutaneous load of a festive meal (cheese fondue) vs a standard meal, both with wine; cheese fondue is the instance chosen for the 'festive meal' category -- matches the protocol's own named unsettled category-instance class"
39731691,cherry,incidental,incidental,False,incidental,"aim = effect of chokeberry+tart cherry supplements on cellulite reduction; blood-supply (tissue Doppler) is one secondary skin-structure finding, not the stated aim"
11676025,chicken,claim-directed,claim-directed,False,claim-directed,title/aim = effect of chicken essence tablets on resting metabolic rate
14974736,chicken,incidental,incidental,False,incidental,"aim = body fat content after a capsaicin+green-tea+chicken-essence supplement; REE/thermogenic effect is reported as an explanatory result, not the stated aim"
22956862,chicken,incidental,claim-directed,True,incidental,"condition 2, per the chicken/41901102-42072392 worked example: a framing that presents the perfusion measure as vascular, endothelial or haemodynamic *function* is not naming a thermal outcome, however much the measurement itself qualifies under §2.3; the aim is the anti-photoaging effect of a collagen supplement and dermal microcirculation is its mechanism"
41901102,chicken,incidental,incidental,False,incidental,microvascular reactivity/anti-inflammatory trial in chronic-coronary-syndrome patients; not designed to ask whether chicken warms the body
42072392,chicken,incidental,incidental,False,incidental,endothelium-dependent vasodilation trial in healthy adults; not designed to ask whether chicken warms the body
10211048,chili pepper,claim-directed,claim-directed,False,claim-directed,aim/results center on diet-induced thermogenesis from red pepper added to high-fat/high-carbohydrate meals
11227803,chili pepper,claim-directed,claim-directed,False,claim-directed,"title explicitly names diet-induced thermogenesis (capsaicin-containing curry sauce, SNS activity)"
11242488,chili pepper,incidental,claim-directed,True,incidental,"condition 2: the framing is energy-balance or metabolisable-energy accounting, which §8 lists among the questions that make a qualifying measurement incidental; '24 h energy balance ... in subjects given free access to foods'. Ruled together with coffee/11242488, the same study under its other food"
11676017,chili pepper,claim-directed,claim-directed,False,claim-directed,title = CH-19 Sweet increased body temperature and oxygen consumption in humans
14649970,chili pepper,claim-directed,claim-directed,False,claim-directed,title names metabolic rate alongside glucose response
17151481,chili pepper,incidental,incidental,False,incidental,aim = CH-19 Sweet's effect on body weight/body fat via sympathetic nerve activation; no thermal outcome named in title or aim
17341828,chili pepper,claim-directed,claim-directed,False,claim-directed,title names body temperature; aim explicitly states the purpose is to elucidate the DIT mechanism
20925950,chili pepper,claim-directed,claim-directed,False,claim-directed,title names adaptive and diet-induced thermogenesis
21093467,chili pepper,claim-directed,claim-directed,False,claim-directed,title names thermogenesis and appetite
23844093,chili pepper,claim-directed,claim-directed,False,claim-directed,title/aim name energy expenditure and fat oxidation from capsaicin
31947529,chili pepper,claim-directed,claim-directed,False,claim-directed,"title names Cold Hypersensitivity as one of three studied outcomes, alongside physical activity and body composition"
33063385,chili pepper,claim-directed,claim-directed,False,claim-directed,title/aim = systematic review of capsaicinoids/capsinoids effect on thermogenesis
33789250,chili pepper,claim-directed,claim-directed,False,claim-directed,review naming weight control/weight loss/energy metabolism as its objective (protocol worked example)
38571755,chili pepper,claim-directed,claim-directed,False,claim-directed,aim names energy expenditure and fat oxidation alongside endurance performance
3957721,chili pepper,claim-directed,claim-directed,False,claim-directed,"aim = effect of chilli (and mustard) on metabolic rate, a classic specific-dynamic-action/DIT study"
42186269,chili pepper,claim-directed,claim-directed,False,claim-directed,title/aim = whether a culinary red-pepper dose attenuates adaptive thermogenesis during negative energy balance
8926537,chili pepper,claim-directed,claim-directed,False,claim-directed,"aim = effect of a red-pepper diet on energy metabolism, with energy expenditure the endpoint reported throughout"
16594547,cinnamon,claim-directed,incidental,True,incidental,"condition 1: the framing names a category, formula or constituent class and this food is its carrier or instance — the class §8 leaves for the author; the framing names Kampo formulations prescribed by Sho, and cinnamon appears only as Keishi inside a formula, never as what is given"
31426588,cinnamon,incidental,incidental,False,incidental,aim = clinical effects/phytochemistry/mechanism of a herbal formula on menopausal hot flushes broadly; improved peripheral blood flow is one finding within that broader clinical review
35830848,cinnamon,claim-directed,claim-directed,False,claim-directed,aim names energy metabolism/EE/DIT alongside satiety and food intake
16702322,cocoa,incidental,incidental,False,incidental,"aim = photoprotection against UV-induced erythema and skin condition; blood flow is one of several skin-condition findings, not the stated aim"
17164979,cocoa,claim-directed,claim-directed,False,claim-directed,title/aim = acute effect of flavanol-rich cocoa on dermal microcirculation
34055151,cocoa,claim-directed,claim-directed,False,claim-directed,title = dark chocolate supplementation elevates resting energy expenditure
38150009,cocoa,claim-directed,claim-directed,False,claim-directed,title/aim = cocoa flavanol effect on cold-induced vasodilation
40190744,cocoa,claim-directed,claim-directed,False,claim-directed,title = dark chocolate elevates resting energy expenditure in postmenopausal women
42004823,cocoa,incidental,incidental,False,incidental,"aim = cardiovascular and antioxidant markers across chocolate types; skin blood flow is one of several cardiovascular markers, not the stated aim"
10837840,coffee,incidental,incidental,False,incidental,"aim = caffeine-dose effect on acute physiological responses/mood; skin temperature is one of several physiological measures, no thermal term in title or aim"
11242488,coffee,incidental,claim-directed,True,incidental,"condition 2: the framing is energy-balance or metabolisable-energy accounting, which §8 lists among the questions that make a qualifying measurement incidental; '24 h energy balance ... in subjects given free access to foods'. Ruled together with chili pepper/11242488, the same study under its other food"
17919327,coffee,claim-directed,claim-directed,False,claim-directed,title = acute effects of a functional coffee beverage on resting energy expenditure
18441513,coffee,claim-directed,incidental,True,incidental,"condition 1: the food is held constant across the compared groups and what varies is the subjects or their state, so the food is not the exposure the study is about (the cheese/20613890 worked example, with a group contrast in place of a processing contrast); the contrast is the beta3-adrenergic receptor genotype and caffeine is the fixed challenge"
18500961,coffee,claim-directed,claim-directed,False,claim-directed,title = thermogenic effect from nutritionally enriched coffee consumption
23924724,coffee,claim-directed,claim-directed,False,claim-directed,"aim = effect of chlorogenic acid on energy metabolism, assessed by indirect calorimetry"
2423343,coffee,incidental,incidental,False,incidental,coffee is the constant challenge given in both arms; verapamil pretreatment is what varies -- fails condition 1
24391145,coffee,incidental,incidental,False,incidental,aim = whether taste palatability (6 stimuli incl. coffee) predicts facial circulatory response; coffee is one instance in a palatability study
26856274,coffee,claim-directed,claim-directed,False,claim-directed,title = review of natural stimulant/non-stimulant thermogenic agents including caffeine
27787687,coffee,incidental,claim-directed,True,incidental,"condition 2, per the chicken/41901102-42072392 worked example: a framing that presents the perfusion measure as vascular, endothelial or haemodynamic *function* is not naming a thermal outcome, however much the measurement itself qualifies under §2.3; 'systemic and regional haemodynamic effects'. Ruled together with coffee/7549411, which is the corrected reprint of the same study"
28412986,coffee,claim-directed,claim-directed,False,claim-directed,title/aim name energy metabolism alongside sleep architecture
28675091,coffee,claim-directed,claim-directed,False,claim-directed,title/aim = effect of coffee polyphenols on skin microcirculatory function
29225313,coffee,claim-directed,claim-directed,False,claim-directed,title/aim = coffee polyphenols and the recovery rate of skin temperature after cold stress
29723112,coffee,claim-directed,claim-directed,True,claim-directed,"agreed label confirmed. The abstract is a findings-only bullet list with no aim sentence, which coder 2 flagged unclear-question, but the title — 'Effect of Green Coffee Consumption on Resting Energy Expenditure, Blood Pressure, and Body Temperature' — names the food and two §2.3 outcomes, and §8 counts the title as one of the two places the framing is read from"
31235722,coffee,claim-directed,claim-directed,False,claim-directed,aim = effect of caffeine on brown-adipose-tissue thermogenesis in vitro and in vivo; human arm measures supraclavicular temperature after coffee drinking
32831109,coffee,claim-directed,claim-directed,False,claim-directed,RCT of keto coffee energy drink (caffeine 300 vs 11mg + protein) vs placebo; aim names co-primary effects on metabolism (EE) and muscular performance
38885075,coffee,claim-directed,claim-directed,False,claim-directed,"review of coffee's bioactive compounds (caffeine, paraxanthine) and their impact on metabolism/thermogenesis"
4027129,coffee,claim-directed,incidental,True,incidental,"condition 2, per the chicken/41901102-42072392 worked example: a framing that presents the perfusion measure as vascular, endothelial or haemodynamic *function* is not naming a thermal outcome, however much the measurement itself qualifies under §2.3; 'the cardiovascular effects of regular and decaffeinated coffee', with forearm flow one member of a pressor panel"
4072930,coffee,incidental,incidental,False,incidental,"aim explicitly: whether a pressor (BP) response to coffee occurs during chronic caffeine intake; forearm blood flow surfaces only as a secondary result, not named in aim"
6347498,coffee,incidental,incidental,False,incidental,"aim: hemodynamic and humoral effects of coffee after beta-blockade (catecholamine/pressor mechanism); forearm blood flow named only generically under 'hemodynamic effects', specific value appears only in results"
7189632,coffee,claim-directed,claim-directed,False,claim-directed,thermic effect of caffeinated vs decaffeinated coffee with breakfast; title/aim explicitly TEF
7293955,coffee,claim-directed,claim-directed,False,claim-directed,apparatus-validation study measuring the thermic effect of caffeine (via coffee) on EE; title explicit
7369170,coffee,claim-directed,claim-directed,False,claim-directed,caffeine/coffee effects on metabolic rate and substrate utilization in normal-weight and obese; title/aim explicit
7485480,coffee,claim-directed,claim-directed,False,claim-directed,coffee-induced thermogenesis and substrate oxidation in lean vs obese women; title/aim explicit
7486839,coffee,claim-directed,claim-directed,False,claim-directed,caffeine's effect on EE and body temperatures (skin/rectal); title explicitly names both
7549411,coffee,claim-directed,incidental,True,incidental,"condition 2, per the chicken/41901102-42072392 worked example: a framing that presents the perfusion measure as vascular, endothelial or haemodynamic *function* is not naming a thermal outcome, however much the measurement itself qualifies under §2.3; 'systemic and regional haemodynamic effects'. Ruled together with coffee/27787687, the same study, so the two records cannot take opposite labels"
7951473,coffee,claim-directed,claim-directed,False,claim-directed,relationship between coffee-induced thermogenesis and skin temperature; title/aim explicit
8074059,coffee,claim-directed,claim-directed,False,claim-directed,acute thermogenic effects of nicotine combined with caffeine during activity; title/aim explicit; mixed exposure kept as confounded
9202101,coffee,incidental,incidental,False,incidental,"study of caffeine's effect on parasympathetic/autonomic nerve activity via HRV power-spectral analysis; body temperature explicitly named only as an 'accompanying physiological variable' that was NOT significantly affected, not the study's object"
9399380,coffee,claim-directed,incidental,True,incidental,condition 2: the framing names 'physiological responses and mood' and the study's own subject is the contribution of caffeine versus hot water versus beverage type; skin temperature is one of a panel and the hot-water arm is a serving-temperature contrast
14970837,corn,incidental,incidental,False,incidental,"thermogenic/satiety effects of sugar-only vs mixed-nutrient beverage; corn syrup solids are present in identical 1:1 ratio in BOTH arms, so macronutrient composition is what's varied, not corn"
28758166,corn,incidental,incidental,False,incidental,"coconut-oil-enriched meal vs corn oil thermogenesis trial; title/aim frame coconut oil as the food under test, corn oil is the comparator fat, not the exposure of interest"
29193741,corn,claim-directed,claim-directed,False,claim-directed,"HFCS (corn) versus whole-wheat carbohydrate overfeeding; aim explicitly names EE, symmetric X-versus-Y comparison"
34676680,corn,claim-directed,incidental,True,incidental,"condition 2, per the chicken/41901102-42072392 worked example: a framing that presents the perfusion measure as vascular, endothelial or haemodynamic *function* is not naming a thermal outcome, however much the measurement itself qualifies under §2.3; the stated hypotheses are about cutaneous vasodilatory function with and without ischemia-reperfusion injury"
8843178,corn,claim-directed,claim-directed,False,claim-directed,postprandial thermogenesis after ingestion of different carbohydrates including corn starch/HFCS; title explicit
9868184,corn,claim-directed,incidental,True,incidental,"condition 2: the framing is energy-balance or metabolisable-energy accounting, which §8 lists among the questions that make a qualifying measurement incidental; 'energy available from corn oil is not different than that from beef tallow', a digestibility and metabolisable-energy study"
12037652,cream,incidental,incidental,False,incidental,"OBJECTIVE field explicitly names only postprandial fat oxidation rates (olive oil vs cream); RMR and thermic effect of a meal appear only in the DESIGN/methods field, not the stated objective"
14756910,cream,claim-directed,claim-directed,False,claim-directed,"acute effects of olive oil vs cream on postprandial thermogenesis (DIT); title/aim explicit, symmetric comparison"
34444773,cream,claim-directed,claim-directed,False,claim-directed,"5-way crossover of fat sources (incl. heavy cream) on diet-induced thermogenesis; title explicit, cream is one of the varied arms"
9192194,cream,claim-directed,incidental,True,incidental,"condition 1: the framing names a category, formula or constituent class and this food is its carrier or instance — the class §8 leaves for the author; the arms are glucose, fat and mixed loads, and cream is the carrier of the fat load"
32972591,egg,incidental,incidental,False,incidental,"hydration/albumin RCT for intermittent claudication; egg white is merely one optional dietary source of albumin, never named in title/aim, the framing is entirely about hydration"
3913763,egg,claim-directed,incidental,True,incidental,"condition 1: the food is held constant across the compared groups and what varies is the subjects or their state, so the food is not the exposure the study is about (the cheese/20613890 worked example, with a group contrast in place of a processing contrast); the contrast is lean versus obese and the egg-white meal is identical in both arms"
6476790,egg,claim-directed,claim-directed,False,claim-directed,"diet-induced thermogenesis: thermic effects of single proteins (incl. white egg), carbohydrates and fats; title/aim explicit"
18702944,flaxseed oil,claim-directed,claim-directed,False,claim-directed,"3-oil comparison (olive/sunflower/flaxseed) on postprandial EE and fat oxidation; title/objective explicit, flaxseed oil is one of three varied arms"
22698766,flaxseed oil,claim-directed,claim-directed,False,claim-directed,canola vs flaxseed(-blend) oil diets on EE and substrate utilization; title/objective explicit; blended exposure kept as confounded
34444773,flaxseed oil,claim-directed,claim-directed,False,claim-directed,"5-way crossover of fat sources (incl. flaxseed oil) on diet-induced thermogenesis; title explicit, flaxseed oil is one of the varied arms"
14711458,garlic,claim-directed,claim-directed,False,claim-directed,garlic supplementation increases peripheral (calf) blood flow; title/aim explicit
16868359,garlic,claim-directed,claim-directed,False,claim-directed,garlic's effect on rheologic properties and vasomotor function/blood flow in systemic sclerosis; acral skin temperature explicitly measured; title/aim explicit
1930351,garlic,claim-directed,claim-directed,False,claim-directed,garlic powder's influence on cutaneous microcirculation; title explicit
2071264,garlic,claim-directed,claim-directed,False,claim-directed,"garlic's effect on thrombocyte aggregation, microcirculation (skin), and other cardiovascular risk factors; title explicitly names microcirculation as a co-object"
2083171,garlic,claim-directed,claim-directed,True,claim-directed,"agreed label confirmed on the title alone, no abstract. 'Influence of garlic powder on cutaneous microcirculation' names the food as what is given and skin perfusion as what is measured, in the plain-perfusion form rather than the vascular-function form that class A excludes, and names no rival outcome that could have shared primacy"
36558397,garlic,claim-directed,claim-directed,False,claim-directed,fermented garlic extract's effects on blood flow (incl. peripheral BF); title/aim explicit
36998289,garlic,incidental,incidental,False,incidental,"fortified garlic extract as COVID-19 adjuvant therapy; aim names clinical status/symptom efficacy and safety, body temperature is one secondary clinical/lab parameter reported only in results, not named in aim"
16580033,ginger,claim-directed,claim-directed,False,claim-directed,"review of thermogenesis from spiced foods/herbal drinks (capsaicin, black pepper, ginger, green/black tea, caffeine); ginger is one of the examined spices, review's stated topic is thermogenesis itself"
21789896,ginger,claim-directed,claim-directed,False,claim-directed,hot/cold-attribute foods vs heart-rate-variability and nail-fold microcirculation/skin temperature; aged ginger tea is explicitly the 'hot-attribute' test food; aim explicit
22538118,ginger,claim-directed,claim-directed,False,claim-directed,ginger consumption enhances the thermic effect of food; title explicit
23021155,ginger,claim-directed,claim-directed,False,claim-directed,acute effects of mustard/horseradish/pepper/ginger on postprandial diet-induced thermogenesis; primary aim explicit
25875447,ginger,claim-directed,claim-directed,False,claim-directed,single oral ginger ingestion's effect on human thermoregulatory function and fat oxidation; title/aim explicit
30402121,ginger,claim-directed,claim-directed,False,claim-directed,hyperthermic effect of a ginger beverage on peripheral skin surface temperature in women; title explicit
33487261,ginger,claim-directed,claim-directed,False,claim-directed,acute thermogenic effect of gingerol (ginger's constituent) on the thermic effect of food (energy expenditure); aim explicit
33789250,ginger,claim-directed,claim-directed,False,claim-directed,"review of red pepper/ginger/turmeric effects on energy metabolism, named alongside weight control/weight loss in the objective (matches the protocol's own worked example for the same PMID under chili pepper)"
3570866,ginger,claim-directed,claim-directed,True,claim-directed,"agreed label confirmed on the title alone, no abstract. 'Effect of ginger on metabolic rate' is the Effect-of-X-on-a-thermal-outcome form with no rival outcome named"
36058007,ginger,claim-directed,claim-directed,False,claim-directed,long-term ginger extract consumption's effect on resting energy expenditure in female adults; title/aim explicit
39203851,ginger,claim-directed,claim-directed,False,claim-directed,"ginger extract's impact on ocular/peripheral blood flow and body warmth (VAS), alongside relief of eye fatigue/shoulder stiffness; aim explicitly co-names blood flow as an assessed impact"
41010475,ginger,claim-directed,claim-directed,False,claim-directed,green tea extract + ginger effects on endurance performance AND thermal perception in normothermic/cold environments; title and aim both explicitly name thermal sensation as a co-equal measured outcome
24171039,grape,incidental,incidental,False,incidental,"grape seed procyanidin registry study for pre-/mild hypertension; blood pressure and heart rate are explicitly stated as 'the primary endpoints', microcirculation (laser Doppler) is explicitly described as 'complementing' those primary endpoints"
26492589,grape,incidental,incidental,False,incidental,"CoQ10 + grape seed registry for mild heart failure; aim names generic 'possible benefits' in heart-failure patients, microcirculation surfaces only as one of several reported results (NYHA class, ejection fraction, walking distance, microcirculation, oxidative stress)"
16620293,grapefruit,claim-directed,claim-directed,False,claim-directed,"naringin (grapefruit constituent)'s effect on caffeine pharmacokinetics, resting energy expenditure and cardiovascular haemodynamics; title/aim explicit REE"
30011719,grapefruit,incidental,incidental,False,incidental,"facial-expression/autonomic-nervous-system responses elicited by tasting different juices (grapefruit one of several); skin temperature is one of several ANS proxies for hedonic/emotional response to taste, not the study's object"
10584049,green tea,claim-directed,claim-directed,False,claim-directed,green tea extract's effect on 24-h energy expenditure and fat oxidation; title/objective explicit
13678386,green tea,incidental,claim-directed,True,incidental,"condition 1: the framing names the other food as the exposure and this one as its comparator (§8, multi-arm and multi-food studies); the title and aim name oolong tea as the exposure and green tea as the comparison it is measured against"
14974736,green tea,incidental,incidental,False,incidental,"combo supplement (capsaicin + green tea extract + chicken essence) study whose stated aim is assessing BODY FAT CONTENT; resting energy expenditure appears only as a downstream supporting result ('It was also demonstrated that...'), not named in the stated aim"
15870822,green tea,claim-directed,claim-directed,False,claim-directed,thermogenic effect of a capsaicin+green-tea-extract+tyrosine+calcium combination on 24-h EE; title/objective explicit; mixed exposure kept as confounded
16076989,green tea,incidental,incidental,False,incidental,"green tea-caffeine mixture's effect on WEIGHT MAINTENANCE after weight loss; the stated objective names only weight maintenance, REE/RQ appear only as results"
16176615,green tea,claim-directed,claim-directed,False,claim-directed,green tea + Guarana extract effects on 24-h EE and fat oxidation; title/aim explicit
16351782,green tea,claim-directed,claim-directed,False,claim-directed,"green tea's effect on resting energy expenditure, substrate oxidation AND body weight during a low-energy diet; both title and objective explicitly co-name REE alongside body weight"
16418760,green tea,claim-directed,claim-directed,False,claim-directed,bitter-orange + green-tea-extract + guarana combo's effects on metabolic rate at rest and during exercise; title/objective explicit ('the metabolic rate'); protocol's own §2 discussion of this record confirms metabolic rate is the primary outcome; mixed exposure kept as confounded
16580033,green tea,claim-directed,claim-directed,False,claim-directed,same review as ginger/16580033: thermogenesis from spiced foods/herbal drinks including green tea; review's stated topic is thermogenesis itself
16840650,green tea,incidental,claim-directed,True,claim-directed,"both conditions pass on the naming test: the title 'Obesity and thermogenesis related to the consumption of caffeine, ephedrine, capsaicin, and green tea' names this food as what is consumed and thermogenesis as what is at issue, and the composite-endpoint clause says a thermal aim is not demoted by having company"
17201629,green tea,claim-directed,claim-directed,False,claim-directed,"review specifically and narrowly about green tea extract's thermogenesis-induced weight loss mechanism (EGCG inhibition of COMT); title and content are squarely about the thermogenic mechanism itself, not a broader weight-management survey"
17299107,green tea,claim-directed,claim-directed,False,claim-directed,thermogenic beverage (incl. green tea catechins)'s effect on 24-h energy metabolism; title/objective explicit; mixed exposure kept as confounded
17418559,green tea,claim-directed,claim-directed,False,claim-directed,HUM5007 combination (incl. green tea extract) increases resting metabolic rate; title/aim explicit; mixed exposure kept as confounded
17882140,green tea,claim-directed,claim-directed,False,claim-directed,"caffeine, green tea extract and tyrosine tested individually for thermogenesis and energy intake; title/objective explicit"
17906192,green tea,claim-directed,claim-directed,False,claim-directed,EGCG (green tea's principal catechin)'s effect on thermogenesis and fat oxidation (energy expenditure) in obese men; title explicit
17919327,green tea,claim-directed,claim-directed,False,claim-directed,functional coffee beverage (incl. green tea extract) effects on resting energy expenditure; title/aim explicit; protocol's own §2 discussion confirms REE is the primary outcome here; mixed exposure kept as confounded
18006026,green tea,incidental,incidental,False,incidental,"green tea's effect on WEIGHT REDUCTION in obese Thai subjects; the stated aim names only weight reduction, resting energy expenditure is listed only among measured parameters in methods"
19176733,green tea,incidental,incidental,False,incidental,"green tea-caffeine + high-protein diet effect on BODY WEIGHT MAINTENANCE after weight loss; the stated objective names only weight maintenance, resting energy expenditure appears only as a result"
19445822,green tea,claim-directed,claim-directed,False,claim-directed,"different tea catechins and caffeine tested for effects on acute energy metabolism (EE, fat oxidation); title/objective explicit"
20725062,green tea,claim-directed,claim-directed,False,claim-directed,EGCG supplement's effect on resting metabolism and the thermic effect of feeding; title/aim explicit
21525260,green tea,claim-directed,incidental,True,incidental,"condition 2, per the chicken/41901102-42072392 worked example: a framing that presents the perfusion measure as vascular, endothelial or haemodynamic *function* is not naming a thermal outcome, however much the measurement itself qualifies under §2.3; the framing is photoprotection and skin properties, with microcirculation one of a skin-quality panel"
22254119,green tea,claim-directed,claim-directed,False,claim-directed,"GT vs placebo effect on DIT, factorial with milk-protein dose"
23140132,green tea,claim-directed,claim-directed,False,claim-directed,"GT + resistance training effects on body composition and RMR, RCT"
23237788,green tea,claim-directed,claim-directed,False,claim-directed,EGCG+caffeine (GT extract) effect on non-shivering thermogenesis during cold exposure
23627832,green tea,claim-directed,claim-directed,False,claim-directed,"thermogenic supplement (incl. GT extract) effect on REE, confounded blend"
24903465,green tea,claim-directed,claim-directed,False,claim-directed,GT extract effect on REE and substrate metabolism at rest/exercise
25238062,green tea,claim-directed,claim-directed,False,claim-directed,COMT genotype role in GT's effect on REE and fat oxidation
25733633,green tea,claim-directed,claim-directed,False,claim-directed,EGCG effect on energy metabolism/substrate use in MS patients
25740906,green tea,claim-directed,claim-directed,False,claim-directed,"GT extract effect on fat absorption, REE, body composition, 12wk RCT"
26091183,green tea,claim-directed,claim-directed,False,claim-directed,minireview of GT's effect on energy expenditure
26602570,green tea,incidental,incidental,False,incidental,"review of capsaicin/TRP/BAT thermogenesis; GT catechins mentioned once as aside, not the review's subject"
26714439,green tea,claim-directed,claim-directed,False,claim-directed,fermented GT effect on peripheral skin temperature in cold-hypersensitive subjects
26856274,green tea,claim-directed,incidental,True,incidental,"condition 1: 'A Review of Natural Stimulant and Non-stimulant Thermogenic Agents' names the outcome but not this food, which appears among the agents discussed in the body rather than in the framing"
27883924,green tea,claim-directed,claim-directed,False,claim-directed,systematic review/meta-analysis of EGCG (GT constituent) on EE/fat oxidation
28275131,green tea,claim-directed,claim-directed,False,claim-directed,catechin+caffeine effect on BAT activation and cold-induced thermogenesis
28507012,green tea,claim-directed,claim-directed,False,claim-directed,review of dietary factors (incl. GT) promoting BAT/thermogenesis
29238244,green tea,claim-directed,claim-directed,False,claim-directed,thermogenic supplement (incl. GT extract) effect on EE among other outcomes
30414469,green tea,claim-directed,claim-directed,False,claim-directed,review of dietary polyphenols (incl. GT catechins) and BAT/fat-browning thermogenesis
30687134,green tea,incidental,incidental,False,incidental,minireview of unnamed dietary compounds promoting BAT/WAT browning; GT not named in title or abstract
31694152,green tea,claim-directed,claim-directed,False,claim-directed,mixed flavonoid+caffeine supplement (incl. GT catechins) effect on EE and fat oxidation
32460790,green tea,claim-directed,claim-directed,False,claim-directed,GT-based supplement dose effect on post-exercise brachial artery blood flow
33671139,green tea,claim-directed,claim-directed,False,claim-directed,systematic review of GT catechins on RMR/EE/RQ
35331535,green tea,claim-directed,claim-directed,False,claim-directed,"acute GT infusion effect on energy expenditure, satiety, food intake"
36558368,green tea,claim-directed,claim-directed,False,claim-directed,GT extract RCT with RQ/%FAT/REE stated as primary endpoints
37162193,green tea,claim-directed,claim-directed,False,claim-directed,thermogenic RTD beverage (incl. GT extract) effect on REE
41010475,green tea,claim-directed,claim-directed,False,claim-directed,GT extract + ginger effect on endurance and thermal perception in cold
21504975,honey,claim-directed,claim-directed,False,claim-directed,honey vs sucrose effect on appetite hormones and postmeal thermogenesis
24500154,lettuce,claim-directed,claim-directed,False,claim-directed,"dietary nitrate (lettuce constituent) effect on RMR, crossover RCT"
24045789,lotus root,claim-directed,claim-directed,False,claim-directed,lotus-root-starch late-evening snack effect on fasting REE/energy metabolism in liver failure
12775122,mayonnaise,claim-directed,incidental,True,incidental,"condition 1: the framing names a category, formula or constituent class and this food is its carrier or instance — the class §8 leaves for the author; the framing compares medium- against long-chain triacylglycerols, and mayonnaise is the food the test oil was delivered in"
10726436,milk,claim-directed,claim-directed,False,claim-directed,glucose-in-milk (with/without) x exercise intensity effect on EPOC/RER/rectal temp
16046713,milk,claim-directed,claim-directed,False,claim-directed,cow's milk complementary feeding effect on sleeping metabolic rate in infants
17998024,milk,claim-directed,claim-directed,False,claim-directed,milk vs sugar beverage supplementation effect on REE and RQ in children
18618137,milk,incidental,incidental,False,incidental,milk vs CE drink effect on fluid balance/exercise capacity in heat; rectal temp appears only in results
19874634,milk,claim-directed,claim-directed,False,claim-directed,whey/alpha-lac (milk protein) effect on diet-induced thermogenesis and appetite
22254119,milk,claim-directed,claim-directed,False,claim-directed,milk-protein dose x GT effect on diet-induced thermogenesis
22274550,milk,claim-directed,claim-directed,False,claim-directed,milk proteins (whey/casein/milk) effect on appetite regulation and DIT
2380845,milk,incidental,incidental,False,incidental,review of energy intake/requirements of milk-fed infants; SMR/rectal temp one supporting datum among several
27180680,milk,incidental,claim-directed,True,incidental,"condition 2, per the chicken/41901102-42072392 worked example: a framing that presents the perfusion measure as vascular, endothelial or haemodynamic *function* is not naming a thermal outcome, however much the measurement itself qualifies under §2.3; the aim is nitric-oxide-dependent vasodilation, with local heating used as the assay rather than as the question"
27329516,milk,claim-directed,incidental,True,incidental,"condition 2: the purpose names next-morning running performance, metabolism and hydration status, and resting metabolic rate is named only in the methods; exercise performance is one of the questions §8 lists as making a qualifying measurement incidental"
29738462,milk,incidental,incidental,False,incidental,acidified milk protein drink effect on cognitive performance; body temperature a secondary null covariate
30201853,milk,claim-directed,claim-directed,False,claim-directed,pre-sleep casein/whey effect on morning RMR and resistance exercise performance
30592848,milk,incidental,incidental,False,incidental,fermented milk whey product effect on athletes' adaptive capacity; blood perfusion one line in large panel
3570867,milk,claim-directed,claim-directed,False,claim-directed,breast milk vs preterm formula: role of diet-induced thermogenesis in energy utilization
3725461,milk,claim-directed,claim-directed,False,claim-directed,milk-formula feeding: thermogenic effect of feeding vs muscular activity on EE
3756253,milk,claim-directed,claim-directed,False,claim-directed,human milk feeding effect on postprandial thermogenesis in VLBW infants
936997,milk,incidental,claim-directed,True,incidental,"condition 1: the food is held constant across the compared groups and what varies is the subjects or their state, so the food is not the exposure the study is about (the cheese/20613890 worked example, with a group contrast in place of a processing contrast); the contrast is between infant groups (infants of diabetic mothers, small-for-gestational-age) and feeding is common to all"
29338262,mugicha,claim-directed,claim-directed,False,claim-directed,roasted barley extract (mugicha) increases cutaneous blood flow and skin temperature in humans (title-named)
29792425,mugicha,claim-directed,claim-directed,False,claim-directed,mugicha effect on cutaneous blood flow/skin temperature under air conditioning
30814418,mugicha,claim-directed,claim-directed,False,claim-directed,mugicha effect on skin temperature in cold conditions
25653551,natto,incidental,incidental,False,incidental,"NKCP (natto constituent) effect on subjective symptoms of blood-flow disturbance; coldness-of-extremities VAS named only among results, title/aim generic"
29415906,natto,incidental,incidental,False,incidental,NKCP effect on neck/shoulder stiffness; skin temperature named only in results
11694607,oolong tea,claim-directed,claim-directed,False,claim-directed,oolong tea effect on 24-h energy expenditure and fat oxidation in men
13678386,oolong tea,claim-directed,claim-directed,False,claim-directed,oolong tea effect on energy expenditure vs green tea in Japanese women
33260552,oolong tea,claim-directed,claim-directed,False,claim-directed,subacute caffeine/oolong tea effect on fat oxidation and energy expenditure
18262575,orange,incidental,incidental,False,incidental,ANS response to sweet taste (habituation vs pleasure); orange juice one of several interchangeable sweet stimuli
24391145,orange,incidental,incidental,False,incidental,facial circulatory response to taste palatability; orange juice one of six taste stimuli
30011719,orange,incidental,incidental,False,incidental,"facial expression/ANS response to juice tasting; orange one of five juices, category study"
37702528,orange,claim-directed,claim-directed,False,claim-directed,"review of citrus fruits' effects on energy expenditure, body weight, metabolic biomarkers"
17460329,pasta,claim-directed,claim-directed,False,claim-directed,"pasta vs bread meal effect on thermic (and glycemic) response, with/without exercise"
26863235,pasta,claim-directed,claim-directed,False,claim-directed,whole-grain pasta effect on appetite and meal-induced thermogenesis
30098403,pasta,claim-directed,claim-directed,False,claim-directed,cod/veal x potato/pasta(GI) meal effect on diet-induced thermogenesis (stated primary endpoint)
30744149,pasta,claim-directed,claim-directed,False,claim-directed,salmon/veal x potato/pasta(GI) meal effect on diet-induced thermogenesis (stated primary endpoint)
16580033,pepper,claim-directed,claim-directed,False,claim-directed,review of spices/teas/caffeine (incl. black pepper) metabolic/thermogenic effects
23021155,pepper,claim-directed,claim-directed,False,claim-directed,"acute effect of 4 spices incl. black pepper on postprandial DIT (stated primary aim), each its own arm"
12619669,persimmon,claim-directed,claim-directed,False,claim-directed,persimmon (kaki) ingestion effect on peripheral body temperature
11063440,pork,claim-directed,claim-directed,False,claim-directed,pork-meat vs soy protein vs carbohydrate diet effect on 24-h energy expenditure
20484942,pork,claim-directed,claim-directed,False,claim-directed,"meat(pork)/dairy/soy protein meal effect on energy expenditure (title-named), protein oxidation"
26821042,pork,incidental,claim-directed,True,incidental,"condition 1: the framing names a category, formula or constituent class and this food is its carrier or instance — the class §8 leaves for the author; the framing names dietary protein source and quantity, with pork one half of the omnivorous arm. Ruled together with beef/26821042, on which both coders agreed incidental, so the same study cannot take opposite labels under its two foods"
3059793,potato,claim-directed,claim-directed,False,claim-directed,"bean vs potato meal effect on plasma glucose/insulin and energy expenditure over 6h (stated aim, EE also reported in results)"
34064968,potato,incidental,claim-directed,True,incidental,"condition 2, per the chicken/41901102-42072392 worked example: a framing that presents the perfusion measure as vascular, endothelial or haemodynamic *function* is not naming a thermal outcome, however much the measurement itself qualifies under §2.3; the aim names blood pressure and microcirculation, glossing the latter '(endothelial function)', in pre-hypertensive-to-hypertensive adults"
7733031,potato,claim-directed,claim-directed,False,claim-directed,raw potato starch effect on postprandial thermogenesis and substrate oxidation
7766565,potato,claim-directed,claim-directed,False,claim-directed,resistant (potato) starch vs digestible starch effect on diet-induced thermogenesis
9250108,potato,incidental,incidental,False,incidental,modified potato starch effect on glucose metabolism and appetite sensations (title); EE measured but absent from results/conclusion
29902225,rapeseed oil,claim-directed,incidental,True,incidental,"condition 2: the aim compares meals rich in saturated versus unsaturated fatty acids on 24-h fat oxidation, and substrate oxidation is not a §2.3 outcome class; diet-induced thermogenesis appears only in the background, and the abstract reports energy expenditure as similar between arms"
31389518,rapeseed oil,incidental,incidental,False,incidental,"systematic review of fatty acid composition's effect on postprandial EE/DIT; rapeseed oil mentioned once as a losing comparison to olive oil, not the review's subject"
2643752,red wine,incidental,incidental,False,incidental,"alcohol/red wine's effect on lipid metabolism (primary, several significant findings) and energy balance (RMR/postprandial EE, co-aim, no difference found) -- caloric-accounting framing, not thermogenesis"
35580478,red wine,claim-directed,claim-directed,False,claim-directed,"red wine (alcohol vs de-alcoholized) effect on postprandial metabolic rate, explicit title, co-primary with appetite hormones/glucose"
8768808,red wine,incidental,incidental,False,incidental,"red wine histamine content's effect on bronchoconstriction/histamine intolerance (allergy/respiratory framing); skin temperature is one of several assessed variables, not the framed question"
10723960,sake,incidental,incidental,False,incidental,"review of acetaldehyde's biological actions broadly (flushing/catecholamines/kinin system/alcohol GI absorption pharmacokinetics); sake-drinking flushing is one of 5 points, not the review's stated objective"
30744149,salmon,claim-directed,claim-directed,False,claim-directed,"salmon+high/low-GI carb meal's effect on diet-induced thermogenesis, explicit primary endpoint named in title and aim"
10378902,salt,incidental,incidental,False,incidental,salt+carb drink to prevent dehydration in cystic-fibrosis children exercising in heat; core temperature monitored but framed question is fluid balance/dehydration
12676273,salt,incidental,incidental,False,incidental,"gender x emotional/autonomic response to primary tastes (salt one instance); skin temperature is 1-of-5 autonomic parameters, not the framed question"
14981050,salt,incidental,incidental,False,incidental,"salt loading's effect on orthostatic cerebral/peripheral vascular control in syncope patients; vascular-autonomic question, not thermal"
16505084,salt,incidental,incidental,False,incidental,sodium supplementation's effect on serum sodium concentration/hyponatraemia during an Ironman triathlon; rectal temperature is one of many non-significant covariates
21490606,salt,claim-directed,claim-directed,False,claim-directed,"acute salt ingestion's effect on core/rectal temperature, explicit title and aim"
23253191,salt,incidental,incidental,False,incidental,"salt+water ingestion's effect on cardiovascular function/exercise performance during dehydrating cycling in heat; thermoregulatory effect (skin blood flow) explicitly not improved, not the framed question"
25729305,salt,claim-directed,claim-directed,False,claim-directed,"oral sodium supplementation's effect on indices of thermoregulation in endurance athletes, explicit title and aim"
2656071,salt,incidental,incidental,False,incidental,"salt intake's effect on exercise tolerance/ability to exercise in a hot environment; rectal temperature is one of several outcomes, not singled out in the framing"
27714955,salt,incidental,incidental,False,incidental,"dietary sodium restriction's effect on plasma sodium response to exercise in the heat; core temperature is a secondary finding, not named in the aim"
31284449,salt,incidental,incidental,False,incidental,"sensory/emotional response to basic tastes (salt one instance) in chocolate tasting; skin temperature is one of several biometric outputs, not the framed question"
31377851,salt,claim-directed,claim-directed,False,claim-directed,3-day altered dietary sodium intake's effect on sweat/cardiovascular/thermoregulatory variables during exertional heat stress; thermoregulatory variables explicitly named as a study aim
31584837,salt,incidental,incidental,False,incidental,salt restriction's effect on resting/exercise blood pressure and peripheral hemodynamics in hypertensive individuals; no thermal outcome named in the framing
32972591,salt,incidental,incidental,False,incidental,"hydration (plus salt/albumin) protocol's effect on lower-extremity claudication/rest-pain symptoms; skin temperature of the feet is one of several clinical outcomes, not the framed question"
35057434,salt,claim-directed,claim-directed,False,claim-directed,"increased salt intake's effect on diet-induced thermogenesis, explicit title and aim"
36655379,salt,incidental,incidental,False,incidental,"review of dietary salt's role in cardiovascular disease and metabolism/energy balance broadly; thermogenesis is one minor strand ('worth noting'), not the review's stated objective"
37108318,salt,incidental,incidental,False,incidental,"high-salt diet's effect on nitric-oxide-mediated endothelium-dependent vasodilation (micro/macrovascular); local thermal hyperaemia is used as one endothelial-function probe, not the framed question"
3814761,salt,incidental,incidental,False,incidental,"salt loading's broad physiological effects (electrolytes, aldosterone, sweat, body weight, heart rate, temperature) during exercise in a hot dry climate; framed question is whether supplemental salt is needed/beneficial for acclimatized workers"
38230612,salt,incidental,incidental,False,incidental,"high dietary salt intake's effect on endothelium-dependent vasodilation/oxidative stress in pregnancy; local heating is one of several vascular-reactivity probes, not the framed question"
40005022,salt,incidental,incidental,False,incidental,"low-salt diet's effect on acetylcholine-induced microvascular dilation (endothelial function) in psoriasis patients; local thermal hyperaemia is one of several reactivity probes, not the framed question"
25653551,soybean,incidental,claim-directed,True,incidental,"condition 2: the framing names symptoms caused by blood flow disturbance, of which coldness of the extremities is one of four measured symptoms. Ruled together with natto/25653551, on which both coders agreed incidental"
40501501,soybean,incidental,incidental,False,incidental,"black soybean seed-coat extract's effect on sleep quality (primary: sleepiness-on-rising score); palmar surface temperature is one of many secondary outcomes, not the framed question"
24500154,spinach,claim-directed,claim-directed,False,claim-directed,"dietary nitrate (spinach's principal dietary constituent, standing in for vegetable intake)'s effect on resting metabolic rate, explicit title and aim"
25880734,tomato,claim-directed,claim-directed,False,claim-directed,"tomato juice's effect on resting energy expenditure, explicitly named in the title alongside hypertriglyceridemia"
34055150,vinegar,claim-directed,claim-directed,False,claim-directed,"acetic acid (apple cider vinegar) supplementation's effect on resting and exercise energy expenditure, explicit title and aim"
36558358,watermelon,incidental,incidental,False,incidental,"wild watermelon-extracted juice's effect on peripheral arterial stiffness/nitric oxide production; blood flow is measured but the framed question is vascular stiffness/NO, not warming or cooling"
29193741,wheat,claim-directed,claim-directed,False,claim-directed,"whole-wheat (vs high-fructose corn syrup) carbohydrate source's effect on 24-h energy expenditure during overfeeding, explicit title and aim"
30669411,wheat,claim-directed,claim-directed,False,claim-directed,"wheat albumin's effect on night-time energy metabolism (respiratory quotient, fat/carbohydrate oxidation), explicit title and aim"
20613890,white bread,incidental,incidental,False,incidental,"same record as the cheese/20613890 worked example in the protocol: contrasts whole-food vs processed-food meals with bread+cheese bundled together; the subject is processing, not white bread specifically"
10490784,white sugar,incidental,incidental,False,incidental,"weight-loss study in massively obese adolescents; a fixed sucrose load is used as a metabolic probe (carbohydrate-induced thermogenesis) to assess metabolic adaptation, not itself varied as the exposure"
10535715,white sugar,claim-directed,claim-directed,False,claim-directed,"sucrose-sweetened soft drink's thermic effect (TEF)/resting metabolic rate across the menstrual cycle, explicit title"
10888287,white sugar,claim-directed,claim-directed,False,claim-directed,"sucrose (vs aspartame) sweet taste's effect on diet-induced thermogenesis, explicit title and aim"
10919929,white sugar,incidental,claim-directed,True,incidental,"condition 2: the framing is energy-balance or metabolisable-energy accounting, which §8 lists among the questions that make a qualifying measurement incidental; 'macronutrient disposal during controlled overfeeding', where the measurement separates energy dissipated from energy stored"
11114149,white sugar,incidental,incidental,False,incidental,"autonomic nervous system/emotional response to primary tastes (sucrose one instance); skin temperature is 1-of-5 ANS parameters, not the framed question"
12676273,white sugar,incidental,incidental,False,incidental,"gender x emotional/autonomic response to primary tastes including sweet (sucrose); skin temperature is 1-of-5 autonomic measures, not the framed question"
1460188,white sugar,incidental,incidental,False,incidental,"postexercise sucrose ingestion's broad cardiovascular/hormonal/renal/metabolic effects; metabolic-rate increase is one finding within a broad panel, not singled out in the title"
14970837,white sugar,claim-directed,claim-directed,False,claim-directed,"sugar-only vs mixed-nutrient beverage's thermic effect (7-h energy expenditure) and satiety, explicit title"
16822824,white sugar,incidental,incidental,False,incidental,"study of water's thermogenic effect ('water-induced thermogenesis' in the title); the sucrose solution serves as a positive control comparator to validate the method, not the food under investigation"
18218905,white sugar,incidental,incidental,False,incidental,"carbohydrate ingestion x ambient heat's effect on muscle fatigue development/pacing strategy in cyclists; rectal/skin temperature are recorded covariates, not the framed question"
18262575,white sugar,incidental,incidental,False,incidental,"autonomic nervous system response to sweet (sucrose) taste -- a hedonic/habituation question; skin temperature is 1-of-5 ANS parameters, not the framed question"
21504975,white sugar,claim-directed,claim-directed,False,claim-directed,"honey vs sucrose meal's effect on postmeal thermogenesis (alongside appetite hormones), explicit title and aim"
22251924,white sugar,incidental,incidental,False,incidental,"dilute carbohydrate beverage's effect on exercise performance (time to exhaustion) in cool/warm environments; core temperature was not affected and is a covariate, not the framed question"
2276854,white sugar,claim-directed,claim-directed,False,claim-directed,"sucrose's effect on resting metabolic rate during hypocaloric weight loss vs protein-only diets, explicit title; aim explicitly frames 'thermogenesis from sucrose'"
2281951,white sugar,incidental,incidental,False,incidental,"palatability's effect on postprandial energy expenditure/sucrose-induced thermogenesis, tested using sucrose solutions/meals as the vehicle; sucrose dose is held constant while palatability varies across arms"
23941499,white sugar,claim-directed,claim-directed,False,claim-directed,"review of fructose-containing caloric sweeteners' (including sucrose) effect on diet-induced thermogenesis, basal metabolic rate and postprandial energy expenditure -- explicit thermal objective throughout"
24787495,white sugar,incidental,claim-directed,True,incidental,"condition 2: the framing is energy-balance or metabolisable-energy accounting, which §8 lists among the questions that make a qualifying measurement incidental; a 10-week supplementation study of energy intake, appetite and expenditure in overweight subjects, framed on the energy-balance equation"
24918475,white sugar,incidental,incidental,False,incidental,"sucrose analgesia's effect on pain response (NIPS score) during neonatal heel lance; skin blood flow (via Laser Doppler) is used as an objective pain/stress biomarker, framed as pain-assessment research"
2583144,white sugar,incidental,incidental,False,incidental,"carbohydrate (incl. sucrose) beverage content's effect on exercise performance/physiologic function during cycling in a warm environment; rectal temperature is one of several null covariates, not the framed question"
30196900,white sugar,claim-directed,claim-directed,False,claim-directed,"pre-exercise sucrose ingestion's effect on thermoregulatory responses during near-maximal running, explicit title and aim"
31374985,white sugar,claim-directed,claim-directed,False,claim-directed,"sucrose (vs sucralose) effect on energy expenditure and carbohydrate oxidation, explicit title and aim"
3304593,white sugar,claim-directed,incidental,True,incidental,"condition 1: the food is held constant across the compared groups and what varies is the subjects or their state, so the food is not the exposure the study is about (the cheese/20613890 worked example, with a group contrast in place of a processing contrast); the contrasts are obese versus nonobese and 30 versus 22 degrees ambient temperature, with the sucrose load fixed. Coder 2 also flagged unclear-question, which the ruling settles"
33066498,white sugar,incidental,incidental,False,incidental,"lactisole co-administered with sucrose or glucose's effect on energy intake and peripheral serotonin; body core temperature is a secondary finding mentioned once, not named in the title/aim"
34072006,white sugar,claim-directed,claim-directed,False,claim-directed,"sucrose (one of three arms: isomaltulose/sucrose/water) thermoregulatory response during exercise in a hot environment, explicit 'Thermoregulatory Responses' in title"
3431377,white sugar,incidental,incidental,False,incidental,"carbohydrate (incl. sucrose) feeding's effect on exercise performance/physiologic function during intermittent cycling in the heat; rectal/skin temperature are null covariates among many, not the framed question"
3740086,white sugar,claim-directed,claim-directed,False,claim-directed,"sucrose substitution's effect on preventing/reversing the fall in resting metabolic rate during hypocaloric dieting, explicit title"
39405582,white sugar,incidental,incidental,False,incidental,"sucrose-containing sports drink's effect on acute kidney injury risk during simulated occupational heat stress; core temperature is a matched covariate showing no difference, not the framed question"
40472198,white sugar,claim-directed,claim-directed,False,claim-directed,"sucrose (combined with glycerol and sodium) effect on thermoregulatory response, fluid balance and exercise capacity in the heat, explicit 'Thermoregulation' in title and aim"
42302737,white sugar,incidental,incidental,False,incidental,"higher-fructose vs sucrose-sweetened sport drink's effect on acute kidney injury risk during simulated heat stress; rectal temperature is a matched covariate showing no difference, not the framed question"
6645964,white sugar,incidental,incidental,False,incidental,"case report of hypothermia in a patient with anorexia nervosa, framed around thiamine deficiency; the sucrose intake increase and temperature normalization is a secondary narrative detail, not the report's stated question"
6801959,white sugar,claim-directed,claim-directed,False,claim-directed,"sucrose vs glucose dietary-induced thermogenesis in normal-weight and overweight men, explicit title and aim"
7403080,white sugar,claim-directed,claim-directed,True,claim-directed,"agreed label confirmed on the title alone, no abstract. 'Differences in the metabolic rate following ingestion of sucrose and glucose in man' names the constituent as what is varied and metabolic rate as what is measured, with no rival outcome named"
8026144,white sugar,claim-directed,claim-directed,False,claim-directed,"mono-/disaccharide (sucrose-containing) vs polysaccharide meal's effect on postprandial energy expenditure, co-named in the title alongside glycaemia and hormonal response, with a significant sucrose-associated EE increase reported"
8315557,white sugar,claim-directed,incidental,True,incidental,"condition 1: the food is held constant across the compared groups and what varies is the subjects or their state, so the food is not the exposure the study is about (the cheese/20613890 worked example, with a group contrast in place of a processing contrast); the contrast is obese versus normal-weight children and the sucrose load is fixed"
8843178,white sugar,claim-directed,claim-directed,False,claim-directed,"sucrose (among four carbohydrate types) postprandial thermogenesis and energy expenditure, explicit 'postprandial thermogenesis' in title"
9131312,white sugar,claim-directed,claim-directed,False,claim-directed,"sucrose taste's effect on heat loss/metabolic rate via crying cessation in newborns, explicit 'heat loss' in title and aim"
9347402,white sugar,claim-directed,claim-directed,False,claim-directed,"high-sucrose vs starch/fat diet's effect on energy expenditure, co-named in the title alongside energy intake and body weight, with a significant sucrose-associated EE increase reported"
25823387,whole grain bread,incidental,incidental,False,incidental,"visceral adiposity's association with an enhanced early thermogenic response (e-TEF) to whole-grain bread used as a carbohydrate-rich test meal (vs walnuts); framed as an adiposity-TEF correlation/phenotyping study, not whether whole-grain bread itself has a thermic effect"
19874634,yogurt,claim-directed,claim-directed,False,claim-directed,"breakfast yoghurt (plus whey-protein enrichment) effect on diet-induced thermogenesis/energy expenditure and appetite suppression, explicit title and aim"
29057769,yogurt,claim-directed,claim-directed,False,claim-directed,"diluted traditional yoghurt drink (buttermilk)'s effect on heat strain/thermoregulation during occupational intermittent work, explicit title and aim"
